Date__(UT)_,_HR:MN,,R.,A._,____(I,CRF),___,__DEC,Azi____(a-,app)___Elev,APmag,S-brt,delta,deldot,S-O-T,/r,S-T-O,Sky_motion,Sky_mot_PA,RelVel-ANG,Lun_Sky_Brt,sky_SNR
2022-Jan-01,13:00,*m,18,46,54.99,-22,59,57,116.945002,50.600803,-26.779,-10.589,0.98331689,-0.2767187,0,/?,0,2.5177942,85.39148,-0.535489,n.a.,n.a.
2022-Jan-02,13:00,*m,18,51,19.79,-22,54,46.7,116.763554,50.521978,-26.779,-10.589,0.983309022,-0.2715144,0,/?,0,2.5178842,84.95596,-0.525512,n.a.,n.a.
2022-Jan-03,13:00,*m,18,55,44.24,-22,49,8.9,116.571909,50.446121,-26.779,-10.589,0.983304639,-0.2663279,0,/?,0,2.5178903,84.522494,-0.515585,n.a.,n.a.
2022-Jan-04,13:00,*m,19,0,8.31,-22,43,3.8,116.370195,50.373292,-26.779,-10.589,0.98330379,-0.2609642,0,/?,0,2.5178159,84.091314,-0.505332,n.a.,n.a.
2022-Jan-05,13:00,*m,19,4,31.97,-22,36,31.7,116.158538,50.303539,-26.779,-10.589,0.983306629,-0.2552645,0,/?,0,2.5176694,83.662646,-0.494447,n.a.,n.a.
2022-Jan-06,13:00,*m,19,8,55.17,-22,29,32.8,115.93706,50.236905,-26.779,-10.589,0.983313384,-0.2491243,0,/?,0,2.5174624,83.236711,-0.482727,n.a.,n.a.
2022-Jan-07,13:00,*,19,13,17.89,-22,22,7.1,115.705882,50.173422,-26.779,-10.589,0.983324328,-0.2424931,0,/?,0,2.5172069,82.813715,-0.470072,n.a.,n.a.
2022-Jan-08,13:00,*,19,17,40.1,-22,14,15.1,115.465122,50.11311,-26.779,-10.589,0.983339747,-0.2353639,0,/?,0,2.5169141,82.39385,-0.456466,n.a.,n.a.
2022-Jan-09,13:00,*,19,22,1.77,-22,5,56.9,115.214898,50.055983,-26.779,-10.589,0.983359926,-0.2277577,0,/?,0,2.5165935,81.977293,-0.441946,n.a.,n.a.
2022-Jan-10,13:00,*,19,26,22.88,-21,57,12.7,114.955325,50.002046,-26.779,-10.589,0.983385128,-0.2197103,0,/?,0,2.5162527,81.564212,-0.426579,n.a.,n.a.
2022-Jan-11,13:00,*,19,30,43.41,-21,48,2.9,114.686517,49.951297,-26.778,-10.589,0.983415595,-0.2112638,0,/?,0,2.5158979,81.154765,-0.410444,n.a.,n.a.
2022-Jan-12,13:00,*,19,35,3.33,-21,38,27.6,114.408585,49.903727,-26.778,-10.589,0.983451544,-0.2024617,0,/?,0,2.5155342,80.749103,-0.393623,n.a.,n.a.
2022-Jan-13,13:00,*,19,39,22.62,-21,28,27.3,114.12164,49.859323,-26.778,-10.589,0.983493165,-0.1933481,0,/?,0,2.5151661,80.34737,-0.3762,n.a.,n.a.
2022-Jan-14,13:00,*,19,43,41.27,-21,18,2.1,113.825788,49.818064,-26.778,-10.589,0.983540623,-0.1839681,0,/?,0,2.5147975,79.949704,-0.358262,n.a.,n.a.
2022-Jan-15,13:00,*,19,47,59.26,-21,7,12.4,113.521134,49.779924,-26.778,-10.589,0.983594055,-0.1743706,0,/?,0,2.5144322,79.556238,-0.3399,n.a.,n.a.
2022-Jan-16,13:00,*,19,52,16.57,-20,55,58.5,113.207779,49.744872,-26.778,-10.589,0.983653567,-0.1646098,0,/?,0,2.5140737,79.167096,-0.321219,n.a.,n.a.
2022-Jan-17,13:00,*,19,56,33.18,-20,44,20.7,112.885822,49.712873,-26.778,-10.589,0.983719233,-0.1547476,0,/?,0,2.5137251,78.782397,-0.302338,n.a.,n.a.
2022-Jan-18,13:00,*,20,0,49.1,-20,32,19.2,112.55536,49.683885,-26.778,-10.589,0.983791086,-0.1448541,0,/?,0,2.5133887,78.402251,-0.283391,n.a.,n.a.
2022-Jan-19,13:00,*,20,5,4.29,-20,19,54.5,112.216483,49.657864,-26.777,-10.589,0.983869118,-0.1350074,0,/?,0,2.513066,78.026761,-0.264528,n.a.,n.a.
2022-Jan-20,13:00,*,20,9,18.76,-20,7,6.9,111.869282,49.63476,-26.777,-10.589,0.983953273,-0.1252917,0,/?,0,2.5127574,77.656024,-0.245912,n.a.,n.a.
2022-Jan-21,13:00,*,20,13,32.49,-19,53,56.6,111.513844,49.614519,-26.777,-10.589,0.984043443,-0.1157958,0,/?,0,2.5124619,77.290128,-0.227713,n.a.,n.a.
2022-Jan-22,13:00,*m,20,17,45.47,-19,40,24.1,111.150254,49.597085,-26.777,-10.589,0.98413947,-0.1066095,0,/?,0,2.512177,76.929154,-0.210104,n.a.,n.a.
2022-Jan-23,13:00,*m,20,21,57.71,-19,26,29.6,110.778597,49.582399,-26.777,-10.589,0.984241142,-0.0978209,0,/?,0,2.5118988,76.57318,-0.193257,n.a.,n.a.
2022-Jan-24,13:00,*m,20,26,9.18,-19,12,13.5,110.398959,49.570401,-26.776,-10.589,0.9843482,-0.089513,0,/?,0,2.5116213,76.222275,-0.177329,n.a.,n.a.
2022-Jan-25,13:00,*m,20,30,19.89,-18,57,36.2,110.011426,49.561026,-26.776,-10.589,0.984460336,-0.0817588,0,/?,0,2.5113367,75.876509,-0.162463,n.a.,n.a.
2022-Jan-26,13:00,*m,20,34,29.82,-18,42,38,109.616089,49.554212,-26.776,-10.589,0.984577206,-0.0746141,0,/?,0,2.5110355,75.535948,-0.148765,n.a.,n.a.
2022-Jan-27,13:00,*m,20,38,38.98,-18,27,19.3,109.213041,49.549895,-26.776,-10.589,0.98469844,-0.0681082,0,/?,0,2.5107061,75.200661,-0.136293,n.a.,n.a.
2022-Jan-28,13:00,*m,20,42,47.34,-18,11,40.5,108.802381,49.548012,-26.775,-10.589,0.98482366,-0.0622322,0,/?,0,2.5103354,74.870721,-0.12503,n.a.,n.a.
2022-Jan-29,13:00,*m,20,46,54.92,-17,55,42,108.384214,49.548503,-26.775,-10.589,0.984952508,-0.056929,0,/?,0,2.5099105,74.546213,-0.114866,n.a.,n.a.
2022-Jan-30,13:00,*m,20,51,1.69,-17,39,24.1,107.958644,49.551307,-26.775,-10.589,0.985084673,-0.0520889,0,/?,0,2.5094197,74.227231,-0.105592,n.a.,n.a.
2022-Jan-31,13:00,*m,20,55,7.66,-17,22,47.3,107.525781,49.556367,-26.774,-10.589,0.98521992,-0.0475582,0,/?,0,2.5088549,73.913883,-0.096912,n.a.,n.a.
2022-Feb-01,13:00,*m,20,59,12.81,-17,5,51.9,107.08573,49.563623,-26.774,-10.589,0.985358112,-0.0431585,0,/?,0,2.5082128,73.606279,-0.088484,n.a.,n.a.
2022-Feb-02,13:00,*m,21,3,17.14,-16,48,38.5,106.638596,49.573012,-26.774,-10.589,0.985499213,-0.0387143,0,/?,0,2.5074956,73.304531,-0.07997,n.a.,n.a.
2022-Feb-03,13:00,*m,21,7,20.65,-16,31,7.4,106.184483,49.584467,-26.774,-10.589,0.985643282,-0.0340777,0,/?,0,2.5067098,73.008743,-0.071087,n.a.,n.a.
2022-Feb-04,13:00,*m,21,11,23.33,-16,13,19,105.723493,49.597915,-26.773,-10.589,0.985790452,-0.0291432,0,/?,0,2.5058649,72.719002,-0.06163,n.a.,n.a.
2022-Feb-05,13:00,*,21,15,25.19,-15,55,13.9,105.255728,49.613273,-26.773,-10.589,0.985940903,-0.0238492,0,/?,0,2.504971,72.435384,-0.05148,n.a.,n.a.
2022-Feb-06,13:00,*,21,19,26.22,-15,36,52.4,104.781291,49.630455,-26.773,-10.589,0.986094838,-0.018171,0,/?,0,2.5040381,72.15795,-0.040588,n.a.,n.a.
2022-Feb-07,13:00,*,21,23,26.44,-15,18,14.9,104.300286,49.649366,-26.772,-10.589,0.986252468,-0.0121096,0,/?,0,2.503075,71.88675,-0.028957,n.a.,n.a.
2022-Feb-08,13:00,*,21,27,25.83,-14,59,21.9,103.812816,49.669906,-26.772,-10.589,0.986413997,-0.0056806,0,/?,0,2.5020891,71.621825,-0.016614,n.a.,n.a.
2022-Feb-09,13:00,*,21,31,24.43,-14,40,13.9,103.318986,49.691971,-26.771,-10.589,0.986579617,0.0010931,0,/?,0,2.5010866,71.363209,-0.003604,n.a.,n.a.
2022-Feb-10,13:00,*,21,35,22.22,-14,20,51.1,102.8189,49.715453,-26.771,-10.589,0.986749508,0.0081863,0,/?,0,2.5000732,71.110934,0.0100271,n.a.,n.a.
2022-Feb-11,13:00,*,21,39,19.22,-14,1,14.1,102.312664,49.740239,-26.771,-10.589,0.986923833,0.0155727,0,/?,0,2.4990539,70.865024,0.0242273,n.a.,n.a.
2022-Feb-12,13:00,*,21,43,15.44,-13,41,23.3,101.800384,49.766212,-26.77,-10.589,0.987102738,0.0232233,0,/?,0,2.4980337,70.625502,0.038942,n.a.,n.a.
2022-Feb-13,13:00,*,21,47,10.9,-13,21,19.1,101.282166,49.793253,-26.77,-10.589,0.987286355,0.0311047,0,/?,0,2.4970177,70.392383,0.0541066,n.a.,n.a.
2022-Feb-14,13:00,*,21,51,5.6,-13,1,1.8,100.758116,49.821238,-26.769,-10.589,0.987474789,0.0391745,0,/?,0,2.496011,70.165681,0.0696394,n.a.,n.a.
2022-Feb-15,13:00,*,21,54,59.56,-12,40,31.9,100.228344,49.850041,-26.769,-10.589,0.98766812,0.0473781,0,/?,0,2.4950186,69.945404,0.0854351,n.a.,n.a.
2022-Feb-16,13:00,*,21,58,52.79,-12,19,49.9,99.692956,49.879533,-26.769,-10.589,0.987866393,0.0556457,0,/?,0,2.494045,69.731551,0.1013591,n.a.,n.a.
2022-Feb-17,13:00,*,22,2,45.31,-11,58,56,99.15206,49.909582,-26.768,-10.589,0.988069605,0.0638918,0,/?,0,2.4930938,69.524121,0.1172459,n.a.,n.a.
2022-Feb-18,13:00,*,22,6,37.13,-11,37,50.7,98.605766,49.940054,-26.768,-10.589,0.988277701,0.0720167,0,/?,0,2.4921672,69.323103,0.1329028,n.a.,n.a.
2022-Feb-19,13:00,*,22,10,28.28,-11,16,34.4,98.054185,49.970814,-26.767,-10.589,0.988490567,0.0799108,0,/?,0,2.4912653,69.128484,0.1481184,n.a.,n.a.
2022-Feb-20,13:00,*,22,14,18.78,-10,55,7.5,97.49743,50.001726,-26.767,-10.589,0.98870802,0.0874614,0,/?,0,2.4903861,68.94025,0.1626746,n.a.,n.a.
2022-Feb-21,13:00,*m,22,18,8.62,-10,33,30.3,96.935621,50.032655,-26.766,-10.589,0.988929818,0.0945597,0,/?,0,2.4895249,68.758384,0.1763619,n.a.,n.a.
2022-Feb-22,13:00,*m,22,21,57.85,-10,11,43.3,96.368882,50.063467,-26.766,-10.589,0.989155654,0.1011091,0,/?,0,2.488675,68.582872,0.1889938,n.a.,n.a.
2022-Feb-23,13:00,*m,22,25,46.47,-9,49,46.8,95.797346,50.09403,-26.765,-10.589,0.989385175,0.1070321,0,/?,0,2.4878274,68.413704,0.2004213,n.a.,n.a.
2022-Feb-24,13:00,*m,22,29,34.49,-9,27,41.1,95.221156,50.124218,-26.765,-10.589,0.989617987,0.1122774,0,/?,0,2.4869715,68.250878,0.2105462,n.a.,n.a.
2022-Feb-25,13:00,*m,22,33,21.95,-9,5,26.9,94.64046,50.153906,-26.764,-10.589,0.989853678,0.1168267,0,/?,0,2.4860954,68.094399,0.2193339,n.a.,n.a.
2022-Feb-26,13:00,*m,22,37,8.84,-8,43,4.3,94.055419,50.182977,-26.764,-10.589,0.990091835,0.1207003,0,/?,0,2.4851869,67.944282,0.2268246,n.a.,n.a.
2022-Feb-27,13:00,*m,22,40,55.19,-8,20,33.8,93.466196,50.211316,-26.763,-10.589,0.990332069,0.1239605,0,/?,0,2.4842342,67.800554,0.2331392,n.a.,n.a.
2022-Feb-28,13:00,*m,22,44,41.01,-7,57,55.9,92.872965,50.238815,-26.763,-10.589,0.99057404,0.1267099,0,/?,0,2.4832275,67.66325,0.2384764,n.a.,n.a.
2022-Mar-01,13:00,*m,22,48,26.31,-7,35,10.9,92.2759,50.265371,-26.762,-10.589,0.990817475,0.1290826,0,/?,0,2.48216,67.532409,0.2430953,n.a.,n.a.
2022-Mar-02,13:00,*m,22,52,11.11,-7,12,19.3,91.675181,50.290882,-26.762,-10.589,0.991062185,0.1312294,0,/?,0,2.4810288,67.408072,0.2472868,n.a.,n.a.
2022-Mar-03,13:00,*m,22,55,55.42,-6,49,21.5,91.070991,50.315247,-26.761,-10.589,0.991308069,0.1332991,0,/?,0,2.4798351,67.290274,0.2513377,n.a.,n.a.
2022-Mar-04,13:00,*m,22,59,39.25,-6,26,18,90.463515,50.338368,-26.761,-10.589,0.991555107,0.1354218,0,/?,0,2.4785834,67.179042,0.2554987,n.a.,n.a.
2022-Mar-05,13:00,*m,23,3,22.63,-6,3,9.1,89.852944,50.360144,-26.76,-10.589,0.991803346,0.1376988,0,/?,0,2.4772805,67.07439,0.2599649,n.a.,n.a.
2022-Mar-06,13:00,*m,23,7,5.56,-5,39,55.2,89.239475,50.380474,-26.759,-10.589,0.992052882,0.1401994,0,/?,0,2.4759346,66.976326,0.2648696,n.a.,n.a.
2022-Mar-07,13:00,*,23,10,48.07,-5,16,36.8,88.623307,50.399256,-26.759,-10.589,0.992303843,0.1429649,0,/?,0,2.4745536,66.884846,0.270292,n.a.,n.a.
2022-Mar-08,13:00,*,23,14,30.16,-4,53,14.3,88.004646,50.416386,-26.758,-10.589,0.992556375,0.1460148,0,/?,0,2.4731451,66.799943,0.2762698,n.a.,n.a.
2022-Mar-09,13:00,*,23,18,11.87,-4,29,48.1,87.383699,50.431762,-26.758,-10.589,0.992810631,0.1493553,0,/?,0,2.471716,66.721605,0.2828146,n.a.,n.a.
2022-Mar-10,13:00,*,23,21,53.21,-4,6,18.5,86.760679,50.445282,-26.757,-10.589,0.993066764,0.1529848,0,/?,0,2.4702723,66.649818,0.2899233,n.a.,n.a.
2022-Mar-11,13:00,*,23,25,34.19,-3,42,46,86.135804,50.456843,-26.757,-10.589,0.993324927,0.1568984,0,/?,0,2.4688198,66.584566,0.2975864,n.a.,n.a.
2022-Mar-12,13:00,*,23,29,14.85,-3,19,10.9,85.509292,50.466344,-26.756,-10.589,0.993585269,0.1610894,0,/?,0,2.467364,66.525833,0.3057906,n.a.,n.a.
2022-Mar-13,13:00,*,23,32,55.19,-2,55,33.6,84.881368,50.473686,-26.756,-10.589,0.993847934,0.1655482,0,/?,0,2.4659107,66.4736,0.3145171,n.a.,n.a.
2022-Mar-14,13:00,*,23,36,35.25,-2,31,54.5,84.252257,50.478771,-26.755,-10.589,0.99411306,0.1702591,0,/?,0,2.464466,66.427848,0.3237349,n.a.,n.a.
2022-Mar-15,13:00,*,23,40,15.05,-2,8,14,83.622189,50.481502,-26.754,-10.589,0.994380775,0.1751951,0,/?,0,2.4630365,66.388552,0.3333916,n.a.,n.a.
2022-Mar-16,13:00,*,23,43,54.6,-1,44,32.3,82.991395,50.481782,-26.754,-10.589,0.994651183,0.1803123,0,/?,0,2.4616293,66.355688,0.3434008,n.a.,n.a.
2022-Mar-17,13:00,*,23,47,33.94,-1,20,49.9,82.360107,50.479517,-26.753,-10.589,0.99492436,0.1855437,0,/?,0,2.4602512,66.329225,0.3536321,n.a.,n.a.
2022-Mar-18,13:00,*,23,51,13.08,0,57,7.1,81.728558,50.474613,-26.753,-10.589,0.995200334,0.1907969,0,/?,0,2.458908,66.309129,0.3639049,n.a.,n.a.
2022-Mar-19,13:00,*,23,54,52.04,0,33,24.3,81.096984,50.46698,-26.752,-10.589,0.995479076,0.1959545,0,/?,0,2.4576038,66.295365,0.3739912,n.a.,n.a.
2022-Mar-20,13:00,*,23,58,30.87,0,9,41.7,80.465622,50.456529,-26.751,-10.589,0.99576048,0.200882,0,/?,0,2.45634,66.287898,0.383629,n.a.,n.a.
2022-Mar-21,13:00,*,0,2,9.57,0,14,0.2,79.834712,50.443177,-26.751,-10.589,0.996044364,0.2054389,0,/?,0,2.4551146,66.286696,0.3925459,n.a.,n.a.
2022-Mar-22,13:00,*m,0,5,48.17,0,37,41.3,79.204501,50.426847,-26.75,-10.589,0.996330464,0.2094935,0,/?,0,2.4539223,66.291732,0.4004863,n.a.,n.a.
2022-Mar-23,13:00,*m,0,9,26.7,1,1,21,78.575239,50.407469,-26.749,-10.589,0.996618447,0.212936,0,/?,0,2.4527547,66.302988,0.4072381,n.a.,n.a.
2022-Mar-24,13:00,*m,0,13,5.18,1,24,59.2,77.947183,50.384983,-26.749,-10.589,0.996907929,0.2156886,0,/?,0,2.4516014,66.320456,0.4126516,n.a.,n.a.
2022-Mar-25,13:00,*m,0,16,43.62,1,48,35.4,77.320597,50.359337,-26.748,-10.589,0.997198487,0.2177108,0,/?,0,2.4504506,66.344139,0.4166495,n.a.,n.a.
2022-Mar-26,13:00,*m,0,20,22.05,2,12,9.3,76.695746,50.33049,-26.748,-10.589,0.99748969,0.2190009,0,/?,0,2.4492905,66.374047,0.41923,n.a.,n.a.
2022-Mar-27,13:00,*m,0,24,0.5,2,35,40.6,76.072899,50.298409,-26.747,-10.589,0.997781115,0.2195943,0,/?,0,2.4481096,66.4102,0.4204633,n.a.,n.a.
2022-Mar-28,13:00,*m,0,27,38.96,2,59,8.8,75.452325,50.263073,-26.746,-10.589,0.998072371,0.2195598,0,/?,0,2.446898,66.45262,0.420484,n.a.,n.a.
2022-Mar-29,13:00,*m,0,31,17.48,3,22,33.6,74.83429,50.224467,-26.746,-10.589,0.998363116,0.2189936,0,/?,0,2.4456478,66.501333,0.4194799,n.a.,n.a.
2022-Mar-30,13:00,*m,0,34,56.05,3,45,54.7,74.219059,50.182585,-26.745,-10.589,0.998653068,0.2180111,0,/?,0,2.4443535,66.556361,0.4176753,n.a.,n.a.
2022-Mar-31,13:00,*m,0,38,34.69,4,9,11.6,73.606896,50.137429,-26.744,-10.589,0.998942016,0.2167369,0,/?,0,2.4430128,66.617721,0.4153117,n.a.,n.a.
2022-Apr-01,13:00,*m,0,42,13.43,4,32,23.9,72.99806,50.089005,-26.744,-10.589,0.999229821,0.2152933,0,/?,0,2.4416259,66.685422,0.4126266,n.a.,n.a.
2022-Apr-02,13:00,*m,0,45,52.27,4,55,31.4,72.39281,50.037325,-26.743,-10.589,0.999516413,0.2137915,0,/?,0,2.4401956,66.759468,0.409835,n.a.,n.a.
2022-Apr-03,13:00,*m,0,49,31.24,5,18,33.6,71.791402,49.982403,-26.743,-10.589,0.999801782,0.2123245,0,/?,0,2.4387265,66.839849,0.4071167,n.a.,n.a.
2022-Apr-04,13:00,*m,0,53,10.34,5,41,30.1,71.194088,49.924261,-26.742,-10.589,1.000085963,0.2109647,0,/?,0,2.4372242,66.926554,0.4046117,n.a.,n.a.
2022-Apr-05,13:00,*m,0,56,49.6,6,4,20.6,70.601119,49.862921,-26.741,-10.589,1.000369032,0.2097653,0,/?,0,2.4356947,67.019563,0.4024218,n.a.,n.a.
2022-Apr-06,13:00,*,1,0,29.03,6,27,4.7,70.012742,49.798409,-26.741,-10.589,1.000651088,0.2087631,0,/?,0,2.4341442,67.118854,0.4006185,n.a.,n.a.
2022-Apr-07,13:00,*,1,4,8.65,6,49,42,69.4292,49.730754,-26.74,-10.589,1.00093225,0.207984,0,/?,0,2.4325784,67.224403,0.3992512,n.a.,n.a.
2022-Apr-08,13:00,*,1,7,48.47,7,12,12.3,68.850732,49.659988,-26.739,-10.589,1.001212648,0.2074472,0,/?,0,2.4310029,67.336185,0.398357,n.a.,n.a.
2022-Apr-09,13:00,*,1,11,28.51,7,34,35.1,68.277573,49.586148,-26.739,-10.589,1.001492425,0.2071686,0,/?,0,2.4294231,67.454173,0.3979661,n.a.,n.a.
2022-Apr-10,13:00,*,1,15,8.8,7,56,50.1,67.709952,49.509271,-26.738,-10.589,1.001771733,0.207162,0,/?,0,2.4278446,67.57834,0.3981053,n.a.,n.a.
2022-Apr-11,13:00,*,1,18,49.33,8,18,56.9,67.148091,49.429398,-26.738,-10.589,1.002050729,0.2074387,0,/?,0,2.4262737,67.708655,0.3987956,n.a.,n.a.
2022-Apr-12,13:00,*,1,22,30.14,8,40,55.3,66.592209,49.346574,-26.737,-10.589,1.002329578,0.2080032,0,/?,0,2.4247172,67.845086,0.4000456,n.a.,n.a.
2022-Apr-13,13:00,*,1,26,11.25,9,2,44.9,66.042518,49.260844,-26.736,-10.589,1.002608443,0.2088471,0,/?,0,2.4231832,67.987599,0.4018378,n.a.,n.a.
2022-Apr-14,13:00,*,1,29,52.66,9,24,25.4,65.499221,49.172253,-26.736,-10.589,1.002887479,0.2099402,0,/?,0,2.4216803,68.136155,0.4041125,n.a.,n.a.
2022-Apr-15,13:00,*,1,33,34.4,9,45,56.4,64.962516,49.080849,-26.735,-10.589,1.003166813,0.2112215,0,/?,0,2.4202178,68.29071,0.4067492,n.a.,n.a.
2022-Apr-16,13:00,*,1,37,16.49,10,7,17.7,64.432592,48.98668,-26.735,-10.589,1.003446528,0.2125928,0,/?,0,2.4188038,68.451221,0.4095547,n.a.,n.a.
2022-Apr-17,13:00,*,1,40,58.94,10,28,28.9,63.909631,48.889794,-26.734,-10.589,1.00372664,0.213919,0,/?,0,2.4174445,68.617644,0.4122645,n.a.,n.a.
2022-Apr-18,13:00,*,1,44,41.78,10,49,29.7,63.393809,48.790244,-26.733,-10.589,1.004007079,0.2150388,0,/?,0,2.4161423,68.789938,0.4145622,n.a.,n.a.
2022-Apr-19,13:00,*,1,48,25.02,11,10,19.9,62.885296,48.688085,-26.733,-10.589,1.004287678,0.2157829,0,/?,0,2.4148953,68.968072,0.4161174,n.a.,n.a.
2022-Apr-20,13:00,*m,1,52,8.68,11,30,59.2,62.384259,48.583382,-26.732,-10.589,1.004568178,0.2159976,0,/?,0,2.413697,69.152024,0.4166299,n.a.,n.a.
2022-Apr-21,13:00,*m,1,55,52.79,11,51,27.1,61.890863,48.476203,-26.732,-10.589,1.004848239,0.2155637,0,/?,0,2.4125375,69.341783,0.4158678,n.a.,n.a.
2022-Apr-22,13:00,*m,1,59,37.34,12,11,43.5,61.405265,48.366628,-26.731,-10.589,1.005127466,0.2144076,0,/?,0,2.4114048,69.537347,0.413689,n.a.,n.a.
2022-Apr-23,13:00,*m,2,3,22.37,12,31,48,60.92762,48.254745,-26.73,-10.589,1.005405437,0.2125031,0,/?,0,2.4102865,69.73872,0.4100438,n.a.,n.a.
2022-Apr-24,13:00,*m,2,7,7.87,12,51,40.3,60.458072,48.140648,-26.73,-10.589,1.005681727,0.2098658,0,/?,0,2.4091708,69.945908,0.4049639,n.a.,n.a.
2022-Apr-25,13:00,*m,2,10,53.86,13,11,19.9,59.996758,48.02444,-26.729,-10.589,1.005955929,0.2065442,0,/?,0,2.4080473,70.158914,0.3985455,n.a.,n.a.
2022-Apr-26,13:00,*m,2,14,40.36,13,30,46.7,59.543804,47.90623,-26.729,-10.589,1.006227674,0.2026112,0,/?,0,2.4069075,70.377739,0.3909317,n.a.,n.a.
2022-Apr-27,13:00,*m,2,18,27.36,13,50,0.2,59.099329,47.786133,-26.728,-10.589,1.006496638,0.1981558,0,/?,0,2.4057452,70.602375,0.3822973,n.a.,n.a.
2022-Apr-28,13:00,*m,2,22,14.88,14,9,0.2,58.663439,47.664266,-26.727,-10.589,1.006762555,0.1932769,0,/?,0,2.404556,70.832806,0.3728356,n.a.,n.a.
2022-Apr-29,13:00,*m,2,26,2.91,14,27,46.2,58.236234,47.540753,-26.727,-10.589,1.007025215,0.1880772,0,/?,0,2.4033376,71.06901,0.3627469,n.a.,n.a.
2022-Apr-30,13:00,*m,2,29,51.48,14,46,17.9,57.817803,47.41572,-26.726,-10.589,1.007284469,0.1826573,0,/?,0,2.4020895,71.310952,0.3522278,n.a.,n.a.
2022-May-01,13:00,*m,2,33,40.57,15,4,34.9,57.408231,47.289294,-26.726,-10.589,1.007540224,0.1771116,0,/?,0,2.4008131,71.558591,0.3414622,n.a.,n.a.
2022-May-02,13:00,*m,2,37,30.19,15,22,37,57.007593,47.161605,-26.725,-10.589,1.007792439,0.1715244,0,/?,0,2.3995108,71.811879,0.3306143,n.a.,n.a.
2022-May-03,13:00,*m,2,41,20.36,15,40,23.8,56.615958,47.032783,-26.725,-10.589,1.008041119,0.1659683,0,/?,0,2.3981863,72.070761,0.3198251,n.a.,n.a.
2022-May-04,13:00,*m,2,45,11.06,15,57,55,56.233389,46.90296,-26.724,-10.589,1.008286307,0.1605037,0,/?,0,2.3968436,72.335176,0.3092126,n.a.,n.a.
2022-May-05,13:00,*,2,49,2.31,16,15,10.1,55.859943,46.772266,-26.724,-10.589,1.00852808,0.1551809,0,/?,0,2.3954872,72.605061,0.2988742,n.a.,n.a.
2022-May-06,13:00,*,2,52,54.11,16,32,9,55.49567,46.640833,-26.723,-10.589,1.008766539,0.1500422,0,/?,0,2.3941216,72.880348,0.2888927,n.a.,n.a.
2022-May-07,13:00,*,2,56,46.45,16,48,51.3,55.140615,46.508789,-26.723,-10.589,1.00900181,0.1451252,0,/?,0,2.3927517,73.160967,0.2793413,n.a.,n.a.
2022-May-08,13:00,*,3,0,39.35,17,5,16.7,54.794815,46.376265,-26.722,-10.589,1.009234041,0.140465,0,/?,0,2.3913821,73.446846,0.2702887,n.a.,n.a.
2022-May-09,13:00,*,3,4,32.8,17,21,24.9,54.458305,46.243388,-26.722,-10.589,1.009463397,0.1360956,0,/?,0,2.3900185,73.737908,0.2618012,n.a.,n.a.
2022-May-10,13:00,*,3,8,26.8,17,37,15.5,54.131111,46.110285,-26.721,-10.589,1.009690066,0.1320486,0,/?,0,2.388667,74.034074,0.2539409,n.a.,n.a.
2022-May-11,13:00,*,3,12,21.35,17,52,48.3,53.813255,45.977079,-26.721,-10.589,1.00991425,0.1283489,0,/?,0,2.3873352,74.335259,0.2467566,n.a.,n.a.
2022-May-12,13:00,*,3,16,16.46,18,8,3.1,53.504753,45.843892,-26.72,-10.589,1.010136163,0.1250073,0,/?,0,2.386032,74.641376,0.2402693,n.a.,n.a.
2022-May-13,13:00,*,3,20,12.13,18,22,59.5,53.205616,45.710839,-26.72,-10.589,1.01035602,0.1220085,0,/?,0,2.3847678,74.95233,0.2344487,n.a.,n.a.
2022-May-14,13:00,*,3,24,8.35,18,37,37.2,52.91585,45.578035,-26.719,-10.589,1.010574015,0.1192985,0,/?,0,2.3835535,75.268028,0.2291883,n.a.,n.a.
2022-May-15,13:00,*,3,28,5.14,18,51,56.1,52.635455,45.445587,-26.719,-10.589,1.010790297,0.1167752,0,/?,0,2.3823997,75.588373,0.2242867,n.a.,n.a.
2022-May-16,13:00,*,3,32,2.49,19,5,55.8,52.364429,45.3136,-26.718,-10.589,1.011004944,0.1142879,0,/?,0,2.3813143,75.913275,0.219447,n.a.,n.a.
2022-May-17,13:00,*,3,36,0.4,19,19,36.2,52.102765,45.182175,-26.718,-10.589,1.011217935,0.1116515,0,/?,0,2.3803005,76.242652,0.214305,n.a.,n.a.
2022-May-18,13:00,*,3,39,58.88,19,32,56.9,51.850456,45.051418,-26.717,-10.589,1.011429137,0.108673,0,/?,0,2.3793564,76.576432,0.208481,n.a.,n.a.
2022-May-19,13:00,*m,3,43,57.92,19,45,57.7,51.607493,44.921434,-26.717,-10.589,1.011638315,0.1051825,0,/?,0,2.3784744,76.914555,0.2016412,n.a.,n.a.
2022-May-20,13:00,*m,3,47,57.52,19,58,38.5,51.373865,44.792335,-26.717,-10.589,1.011845144,0.1010573,0,/?,0,2.3776434,77.256967,0.1935446,n.a.,n.a.
2022-May-21,13:00,*m,3,51,57.69,20,10,58.8,51.14956,44.664235,-26.716,-10.589,1.012049249,0.096231,0,/?,0,2.3768502,77.603618,0.1840617,n.a.,n.a.
2022-May-22,13:00,*m,3,55,58.4,20,22,58.6,50.934555,44.537254,-26.716,-10.589,1.012250229,0.0906903,0,/?,0,2.3760822,77.95445,0.1731671,n.a.,n.a.
2022-May-23,13:00,*m,3,59,59.66,20,34,37.5,50.728825,44.411513,-26.715,-10.589,1.012447689,0.084463,0,/?,0,2.3753279,78.309402,0.160916,n.a.,n.a.
2022-May-24,13:00,*m,4,4,1.46,20,45,55.3,50.532335,44.287136,-26.715,-10.589,1.012641261,0.0776042,0,/?,0,2.3745779,78.668401,0.1474175,n.a.,n.a.
2022-May-25,13:00,*m,4,8,3.78,20,56,51.8,50.345045,44.164251,-26.714,-10.589,1.01283061,0.0701855,0,/?,0,2.3738249,79.031361,0.1328127,n.a.,n.a.
2022-May-26,13:00,*m,4,12,6.61,21,7,26.6,50.16691,44.042984,-26.714,-10.589,1.013015447,0.0622873,0,/?,0,2.3730634,79.398189,0.1172594,n.a.,n.a.
2022-May-27,13:00,*m,4,16,9.93,21,17,39.7,49.997876,43.923462,-26.714,-10.589,1.013195533,0.0539934,0,/?,0,2.3722895,79.76878,0.1009227,n.a.,n.a.
2022-May-28,13:00,*m,4,20,13.74,21,27,30.6,49.837889,43.805812,-26.713,-10.589,1.013370674,0.0453888,0,/?,0,2.3715008,80.143022,0.0839696,n.a.,n.a.
2022-May-29,13:00,*m,4,24,18.01,21,36,59.3,49.686889,43.690161,-26.713,-10.589,1.013540726,0.0365575,0,/?,0,2.370696,80.520792,0.0665647,n.a.,n.a.
2022-May-30,13:00,*m,4,28,22.73,21,46,5.4,49.544814,43.576635,-26.713,-10.589,1.013705594,0.0275805,0,/?,0,2.369875,80.901961,0.0488671,n.a.,n.a.
2022-May-31,13:00,*m,4,32,27.87,21,54,48.8,49.411598,43.465356,-26.712,-10.589,1.013865228,0.0185348,0,/?,0,2.3690387,81.286395,0.0310278,n.a.,n.a.
2022-Jun-01,13:00,*m,4,36,33.43,22,3,9.3,49.287176,43.356448,-26.712,-10.589,1.014019619,0.0094919,0,/?,0,2.3681888,81.673952,0.0131872,n.a.,n.a.
2022-Jun-02,13:00,*m,4,40,39.37,22,11,6.8,49.171479,43.25003,-26.712,-10.589,1.014168801,0.0005174,0,/?,0,2.3673278,82.064487,-0.004525,n.a.,n.a.
2022-Jun-03,13:00,*m,4,44,45.69,22,18,40.9,49.064438,43.146217,-26.711,-10.589,1.01431284,-0.0083281,0,/?,0,2.3664584,82.45785,-0.021991,n.a.,n.a.
2022-Jun-04,13:00,*,4,48,52.35,22,25,51.5,48.965984,43.045124,-26.711,-10.589,1.014451839,-0.0169887,0,/?,0,2.365584,82.85389,-0.0391,n.a.,n.a.
2022-Jun-05,13:00,*,4,52,59.35,22,32,38.6,48.876044,42.946862,-26.711,-10.589,1.014585932,-0.0254108,0,/?,0,2.3647084,83.252452,-0.055745,n.a.,n.a.
2022-Jun-06,13:00,*,4,57,6.66,22,39,1.9,48.794547,42.851536,-26.71,-10.589,1.01471528,-0.0335422,0,/?,0,2.3638358,83.653377,-0.071825,n.a.,n.a.
2022-Jun-07,13:00,*,5,1,14.25,22,45,1.3,48.721421,42.75925,-26.71,-10.589,1.014840078,-0.041331,0,/?,0,2.3629714,84.056507,-0.087235,n.a.,n.a.
2022-Jun-08,13:00,*,5,5,22.11,22,50,36.7,48.656592,42.670102,-26.71,-10.589,1.014960549,-0.0487277,0,/?,0,2.3621215,84.461677,-0.101877,n.a.,n.a.
2022-Jun-09,13:00,*,5,9,30.21,22,55,48,48.599989,42.584185,-26.71,-10.589,1.015076941,-0.0556894,0,/?,0,2.361294,84.868723,-0.115665,n.a.,n.a.
2022-Jun-10,13:00,*,5,13,38.55,23,0,35,48.551539,42.501584,-26.709,-10.589,1.015189525,-0.0621898,0,/?,0,2.3604985,85.277476,-0.128546,n.a.,n.a.
2022-Jun-11,13:00,*,5,17,47.09,23,4,57.7,48.511168,42.422381,-26.709,-10.589,1.015298577,-0.0682322,0,/?,0,2.3597466,85.687769,-0.140525,n.a.,n.a.
2022-Jun-12,13:00,*,5,21,55.81,23,8,56,48.478806,42.346648,-26.709,-10.589,1.01540436,-0.0738651,0,/?,0,2.3590509,86.099439,-0.151696,n.a.,n.a.
2022-Jun-13,13:00,*,5,26,4.71,23,12,29.9,48.454383,42.27445,-26.709,-10.589,1.015507093,-0.0791941,0,/?,0,2.3584233,86.512328,-0.162266,n.a.,n.a.
2022-Jun-14,13:00,*,5,30,13.76,23,15,39.2,48.437829,42.205848,-26.708,-10.589,1.015606916,-0.0843811,0,/?,0,2.357873,86.926292,-0.172553,n.a.,n.a.
2022-Jun-15,13:00,*,5,34,22.94,23,18,24,48.429082,42.140898,-26.708,-10.589,1.015703863,-0.089626,0,/?,0,2.3574038,87.3412,-0.182952,n.a.,n.a.
2022-Jun-16,13:00,*,5,38,32.24,23,20,44.1,48.428081,42.079658,-26.708,-10.589,1.01579785,-0.0951347,0,/?,0,2.3570133,87.756934,-0.193871,n.a.,n.a.
2022-Jun-17,13:00,*,5,42,41.65,23,22,39.5,48.434768,42.022183,-26.708,-10.589,1.01588868,-0.101083,0,/?,0,2.3566936,88.173386,-0.205655,n.a.,n.a.
2022-Jun-18,13:00,*m,5,46,51.13,23,24,10.3,48.449086,41.968533,-26.708,-10.589,1.01597607,-0.1075921,0,/?,0,2.3564326,88.59045,-0.218547,n.a.,n.a.
2022-Jun-19,13:00,*m,5,51,0.68,23,25,16.3,48.470974,41.918769,-26.708,-10.589,1.016059684,-0.114722,0,/?,0,2.3562171,89.008014,-0.232665,n.a.,n.a.
2022-Jun-20,13:00,*m,5,55,10.27,23,25,57.6,48.50037,41.872951,-26.707,-10.589,1.016139168,-0.1224797,0,/?,0,2.3560346,89.42596,-0.248024,n.a.,n.a.
2022-Jun-21,13:00,*m,5,59,19.88,23,26,14.1,48.537203,41.831143,-26.707,-10.589,1.016214173,-0.1308345,0,/?,0,2.3558742,89.844157,-0.264563,n.a.,n.a.
2022-Jun-22,13:00,*m,6,3,29.47,23,26,5.9,48.581401,41.793405,-26.707,-10.589,1.016284379,-0.139733,0,/?,0,2.3557272,90.262466,-0.282179,n.a.,n.a.
2022-Jun-23,13:00,*m,6,7,39.04,23,25,32.8,48.632888,41.759799,-26.707,-10.589,1.016349495,-0.1491111,0,/?,0,2.3555869,90.68074,-0.300745,n.a.,n.a.
2022-Jun-24,13:00,*m,6,11,48.55,23,24,35,48.691586,41.730384,-26.707,-10.589,1.016409272,-0.1589001,0,/?,0,2.3554479,91.098823,-0.320125,n.a.,n.a.
2022-Jun-25,13:00,*m,6,15,57.97,23,23,12.5,48.757415,41.70522,-26.707,-10.589,1.016463499,-0.1690301,0,/?,0,2.3553065,91.516557,-0.340182,n.a.,n.a.
2022-Jun-26,13:00,*m,6,20,7.29,23,21,25.2,48.830293,41.684362,-26.707,-10.589,1.016512005,-0.1794313,0,/?,0,2.3551597,91.933779,-0.360779,n.a.,n.a.
2022-Jun-27,13:00,*m,6,24,16.46,23,19,13.3,48.910141,41.667866,-26.706,-10.589,1.016554659,-0.1900336,0,/?,0,2.3550052,92.350324,-0.381778,n.a.,n.a.
2022-Jun-28,13:00,*m,6,28,25.48,23,16,36.7,48.996876,41.655782,-26.706,-10.589,1.016591372,-0.2007663,0,/?,0,2.3548417,92.766023,-0.403041,n.a.,n.a.
2022-Jun-29,13:00,*m,6,32,34.3,23,13,35.7,49.090419,41.648161,-26.706,-10.589,1.016622093,-0.2115587,0,/?,0,2.3546685,93.180707,-0.424426,n.a.,n.a.
2022-Jun-30,13:00,*m,6,36,42.91,23,10,10.1,49.19069,41.64505,-26.706,-10.589,1.016646813,-0.2223399,0,/?,0,2.3544856,93.594206,-0.445796,n.a.,n.a.
2022-Jul-01,13:00,*m,6,40,51.28,23,6,20.2,49.297612,41.646492,-26.706,-10.589,1.016665563,-0.2330396,0,/?,0,2.3542938,94.006349,-0.467011,n.a.,n.a.
2022-Jul-02,13:00,*m,6,44,59.38,23,2,6,49.411108,41.652526,-26.706,-10.589,1.016678413,-0.2435885,0,/?,0,2.3540946,94.416966,-0.487934,n.a.,n.a.
2022-Jul-03,13:00,*,6,49,7.19,22,57,27.7,49.531103,41.663189,-26.706,-10.589,1.016685475,-0.2539179,0,/?,0,2.3538901,94.825888,-0.508429,n.a.,n.a.
2022-Jul-04,13:00,*,6,53,14.68,22,52,25.3,49.657526,41.678513,-26.706,-10.589,1.016686897,-0.2639599,0,/?,0,2.3536833,95.232949,-0.528361,n.a.,n.a.
2022-Jul-05,13:00,*,6,57,21.84,22,46,59,49.790307,41.698525,-26.706,-10.589,1.016682867,-0.2736465,0,/?,0,2.3534779,95.637982,-0.547596,n.a.,n.a.
2022-Jul-06,13:00,*,7,1,28.64,22,41,9,49.929376,41.723247,-26.706,-10.589,1.016673612,-0.2829108,0,/?,0,2.353279,96.040826,-0.565998,n.a.,n.a.
2022-Jul-07,13:00,*,7,5,35.06,22,34,55.3,50.07467,41.752696,-26.706,-10.589,1.016659397,-0.2916887,0,/?,0,2.3530929,96.441321,-0.58344,n.a.,n.a.
2022-Jul-08,13:00,*,7,9,41.09,22,28,18.3,50.226125,41.786882,-26.706,-10.589,1.01664052,-0.2999254,0,/?,0,2.3529281,96.839311,-0.59981,n.a.,n.a.
2022-Jul-09,13:00,*,7,13,46.69,22,21,17.9,50.383684,41.825808,-26.706,-10.589,1.016617307,-0.3075853,0,/?,0,2.3527948,97.234646,-0.615034,n.a.,n.a.
2022-Jul-10,13:00,*,7,17,51.86,22,13,54.5,50.54729,41.869471,-26.706,-10.589,1.016590092,-0.3146669,0,/?,0,2.3527056,97.627185,-0.629106,n.a.,n.a.
2022-Jul-11,13:00,*,7,21,56.59,22,6,8.2,50.716894,41.917857,-26.706,-10.589,1.0165592,-0.3212185,0,/?,0,2.3526737,98.016798,-0.642116,n.a.,n.a.
2022-Jul-12,13:00,*,7,26,0.86,21,57,59.1,50.892451,41.970948,-26.707,-10.589,1.016524907,-0.3273486,0,/?,0,2.3527118,98.403371,-0.654275,n.a.,n.a.
2022-Jul-13,13:00,*,7,30,4.66,21,49,27.6,51.073924,42.02872,-26.707,-10.589,1.016487411,-0.3332234,0,/?,0,2.3528291,98.786808,-0.665908,n.a.,n.a.
2022-Jul-14,13:00,*,7,34,7.98,21,40,33.6,51.261284,42.091144,-26.707,-10.589,1.016446802,-0.3390452,0,/?,0,2.3530294,99.167027,-0.677415,n.a.,n.a.
2022-Jul-15,13:00,*,7,38,10.82,21,31,17.6,51.454507,42.158193,-26.707,-10.589,1.016403048,-0.3450182,0,/?,0,2.3533103,99.54396,-0.689199,n.a.,n.a.
2022-Jul-16,13:00,*,7,42,13.16,21,21,39.5,51.653575,42.229838,-26.707,-10.589,1.016356009,-0.3513138,0,/?,0,2.3536637,99.917542,-0.701601,n.a.,n.a.
2022-Jul-17,13:00,*m,7,46,15.01,21,11,39.8,51.858469,42.30605,-26.707,-10.589,1.016305461,-0.3580489,0,/?,0,2.354078,100.28771,-0.714855,n.a.,n.a.
2022-Jul-18,13:00,*m,7,50,16.34,21,1,18.4,52.069167,42.386801,-26.707,-10.589,1.016251128,-0.3652817,0,/?,0,2.3545407,100.65438,-0.72908,n.a.,n.a.
2022-Jul-19,13:00,*m,7,54,17.16,20,50,35.8,52.285645,42.472059,-26.707,-10.589,1.016192715,-0.3730216,0,/?,0,2.3550397,101.01747,-0.744296,n.a.,n.a.
2022-Jul-20,13:00,*m,7,58,17.45,20,39,32,52.507876,42.561796,-26.707,-10.589,1.016129933,-0.3812449,0,/?,0,2.3555649,101.3769,-0.760459,n.a.,n.a.
2022-Jul-21,13:00,*m,8,2,17.2,20,28,7.4,52.73583,42.65598,-26.708,-10.589,1.016062511,-0.3899087,0,/?,0,2.3561082,101.73257,-0.777487,n.a.,n.a.
2022-Jul-22,13:00,*m,8,6,16.4,20,16,22.1,52.969476,42.754578,-26.708,-10.589,1.015990206,-0.398962,0,/?,0,2.3566628,102.08438,-0.79528,n.a.,n.a.
2022-Jul-23,13:00,*m,8,10,15.04,20,4,16.4,53.208783,42.857556,-26.708,-10.589,1.015912803,-0.4083507,0,/?,0,2.3572237,102.43223,-0.813733,n.a.,n.a.
2022-Jul-24,13:00,*m,8,14,13.12,19,51,50.5,53.45372,42.964877,-26.708,-10.589,1.015830122,-0.4180202,0,/?,0,2.3577863,102.77601,-0.832739,n.a.,n.a.
2022-Jul-25,13:00,*m,8,18,10.63,19,39,4.8,53.704256,43.076502,-26.708,-10.589,1.01574201,-0.4279151,0,/?,0,2.358347,103.11563,-0.85219,n.a.,n.a.
2022-Jul-26,13:00,*m,8,22,7.55,19,25,59.4,53.960363,43.192391,-26.708,-10.589,1.015648349,-0.4379782,0,/?,0,2.3589026,103.45099,-0.871974,n.a.,n.a.
2022-Jul-27,13:00,*m,8,26,3.88,19,12,34.6,54.222013,43.3125,-26.709,-10.589,1.015549055,-0.4481485,0,/?,0,2.3594502,103.78198,-0.891972,n.a.,n.a.
2022-Jul-28,13:00,*m,8,29,59.61,18,58,50.8,54.489181,43.436785,-26.709,-10.589,1.015444077,-0.4583608,0,/?,0,2.3599876,104.10851,-0.912056,n.a.,n.a.
2022-Jul-29,13:00,*m,8,33,54.74,18,44,48.2,54.761844,43.565196,-26.709,-10.589,1.015333405,-0.4685444,0,/?,0,2.3605132,104.43047,-0.932089,n.a.,n.a.
2022-Jul-30,13:00,*m,8,37,49.27,18,30,27,55.039979,43.697682,-26.709,-10.589,1.015217072,-0.4786242,0,/?,0,2.3610261,104.74778,-0.951922,n.a.,n.a.
2022-Jul-31,13:00,*m,8,41,43.17,18,15,47.7,55.32357,43.83419,-26.71,-10.589,1.015095152,-0.488521,0,/?,0,2.3615265,105.06033,-0.971399,n.a.,n.a.
2022-Aug-01,13:00,*m,8,45,36.46,18,0,50.4,55.612601,43.97466,-26.71,-10.589,1.014967767,-0.4981529,0,/?,0,2.3620154,105.36803,-0.990358,n.a.,n.a.
2022-Aug-02,13:00,*,8,49,29.13,17,45,35.5,55.907061,44.119031,-26.71,-10.589,1.014835087,-0.5074368,0,/?,0,2.3624952,105.6708,-1.008636,n.a.,n.a.
2022-Aug-03,13:00,*,8,53,21.17,17,30,3.3,56.206939,44.267236,-26.71,-10.589,1.014697329,-0.5162897,0,/?,0,2.3629695,105.96854,-1.026067,n.a.,n.a.
2022-Aug-04,13:00,*,8,57,12.59,17,14,14.2,56.512233,44.419203,-26.711,-10.589,1.014554757,-0.5246315,0,/?,0,2.3634435,106.26119,-1.04249,n.a.,n.a.
2022-Aug-05,13:00,*,9,1,3.39,16,58,8.3,56.82294,44.574855,-26.711,-10.589,1.014407679,-0.5323888,0,/?,0,2.3639242,106.54865,-1.057758,n.a.,n.a.
2022-Aug-06,13:00,*,9,4,53.57,16,41,46.1,57.139063,44.734108,-26.711,-10.589,1.014256442,-0.5395017,0,/?,0,2.3644206,106.83088,-1.071749,n.a.,n.a.
2022-Aug-07,13:00,*,9,8,43.14,16,25,7.8,57.460612,44.896872,-26.712,-10.589,1.01410142,-0.5459351,0,/?,0,2.3649438,107.10781,-1.084386,n.a.,n.a.
2022-Aug-08,13:00,*,9,12,32.09,16,8,13.8,57.787598,45.063049,-26.712,-10.589,1.013942998,-0.5516915,0,/?,0,2.3655064,107.3794,-1.09567,n.a.,n.a.
2022-Aug-09,13:00,*,9,16,20.45,15,51,4.3,58.120045,45.232535,-26.712,-10.589,1.013781545,-0.5568245,0,/?,0,2.3661219,107.64561,-1.1057,n.a.,n.a.
2022-Aug-10,13:00,*,9,20,8.21,15,33,39.7,58.457981,45.40522,-26.713,-10.589,1.013617382,-0.561445,0,/?,0,2.3668023,107.90643,-1.114688,n.a.,n.a.
2022-Aug-11,13:00,*,9,23,55.39,15,16,0.2,58.801445,45.580989,-26.713,-10.589,1.01345075,-0.5657148,0,/?,0,2.3675561,108.16185,-1.12295,n.a.,n.a.
2022-Aug-12,13:00,*,9,27,42,14,58,6.2,59.150487,45.759726,-26.713,-10.589,1.013281787,-0.5698251,0,/?,0,2.3683867,108.41187,-1.130861,n.a.,n.a.
2022-Aug-13,13:00,*,9,31,28.06,14,39,57.8,59.505159,45.941312,-26.714,-10.589,1.01311052,-0.5739655,0,/?,0,2.3692917,108.6565,-1.138795,n.a.,n.a.
2022-Aug-14,13:00,*,9,35,13.57,14,21,35.5,59.865519,46.125628,-26.714,-10.589,1.012936873,-0.5782952,0,/?,0,2.3702639,108.89574,-1.14707,n.a.,n.a.
2022-Aug-15,13:00,*,9,38,58.56,14,2,59.4,60.231621,46.312551,-26.715,-10.589,1.012760692,-0.5829258,0,/?,0,2.371293,109.12959,-1.15591,n.a.,n.a.
2022-Aug-16,13:00,*m,9,42,43.03,13,44,9.9,60.60352,46.501961,-26.715,-10.589,1.012581773,-0.5879184,0,/?,0,2.3723677,109.35802,-1.165441,n.a.,n.a.
2022-Aug-17,13:00,*m,9,46,27,13,25,7.3,60.981262,46.693736,-26.715,-10.589,1.012399889,-0.5932929,0,/?,0,2.3734773,109.58101,-1.175706,n.a.,n.a.
2022-Aug-18,13:00,*m,9,50,10.47,13,5,51.8,61.364892,46.887751,-26.716,-10.589,1.01221481,-0.5990401,0,/?,0,2.3746126,109.79853,-1.186691,n.a.,n.a.
2022-Aug-19,13:00,*m,9,53,53.46,12,46,23.8,61.754451,47.083882,-26.716,-10.589,1.012026318,-0.6051343,0,/?,0,2.3757655,110.01056,-1.198348,n.a.,n.a.
2022-Aug-20,13:00,*m,9,57,35.98,12,26,43.6,62.149979,47.282004,-26.717,-10.589,1.011834211,-0.6115422,0,/?,0,2.3769298,110.21704,-1.210616,n.a.,n.a.
2022-Aug-21,13:00,*m,10,1,18.04,12,6,51.5,62.551513,47.48199,-26.717,-10.589,1.011638306,-0.6182275,0,/?,0,2.3780997,110.41795,-1.223423,n.a.,n.a.
2022-Aug-22,13:00,*m,10,4,59.65,11,46,47.7,62.959089,47.683711,-26.717,-10.589,1.011438445,-0.6251526,0,/?,0,2.3792705,110.61324,-1.2367,n.a.,n.a.
2022-Aug-23,13:00,*m,10,8,40.82,11,26,32.7,63.372744,47.887039,-26.718,-10.589,1.011234488,-0.6322785,0,/?,0,2.3804374,110.80287,-1.250371,n.a.,n.a.
2022-Aug-24,13:00,*m,10,12,21.57,11,6,6.8,63.792511,48.091841,-26.718,-10.589,1.011026322,-0.6395617,0,/?,0,2.3815962,110.9868,-1.264354,n.a.,n.a.
2022-Aug-25,13:00,*m,10,16,1.9,10,45,30.2,64.218422,48.297985,-26.719,-10.589,1.010813857,-0.6469522,0,/?,0,2.3827424,111.165,-1.278552,n.a.,n.a.
2022-Aug-26,13:00,*m,10,19,41.83,10,24,43.4,64.65051,48.505337,-26.719,-10.589,1.010597038,-0.6543908,0,/?,0,2.3838722,111.33741,-1.292851,n.a.,n.a.
2022-Aug-27,13:00,*m,10,23,21.36,10,3,46.6,65.088804,48.713762,-26.72,-10.589,1.010375846,-0.6618073,0,/?,0,2.3849821,111.504,-1.307116,n.a.,n.a.
2022-Aug-28,13:00,*m,10,27,0.51,9,42,40.2,65.533335,48.923122,-26.72,-10.589,1.010150305,-0.6691201,0,/?,0,2.3860696,111.66472,-1.321188,n.a.,n.a.
2022-Aug-29,13:00,*m,10,30,39.3,9,21,24.5,65.98413,49.133279,-26.721,-10.589,1.009920489,-0.6762382,0,/?,0,2.3871332,111.81952,-1.33489,n.a.,n.a.
2022-Aug-30,13:00,*m,10,34,17.73,8,59,59.9,66.441216,49.34409,-26.721,-10.589,1.009686529,-0.6830632,0,/?,0,2.3881734,111.96837,-1.348029,n.a.,n.a.
2022-Aug-31,13:00,*m,10,37,55.81,8,38,26.8,66.90462,49.555412,-26.722,-10.589,1.00944861,-0.6894944,0,/?,0,2.3891919,112.11123,-1.360406,n.a.,n.a.
2022-Sep-01,13:00,*,10,41,33.57,8,16,45.4,67.374364,49.767096,-26.722,-10.589,1.00920698,-0.6954327,0,/?,0,2.3901928,112.24807,-1.371826,n.a.,n.a.
2022-Sep-02,13:00,*,10,45,11.01,7,54,56.2,67.850473,49.978992,-26.723,-10.589,1.008961936,-0.7007866,0,/?,0,2.3911821,112.37886,-1.382106,n.a.,n.a.
2022-Sep-03,13:00,*,10,48,48.15,7,32,59.4,68.332968,50.190943,-26.723,-10.589,1.008713831,-0.7054786,0,/?,0,2.3921676,112.50359,-1.39109,n.a.,n.a.
2022-Sep-04,13:00,*,10,52,25.01,7,10,55.4,68.82187,50.402786,-26.724,-10.589,1.008463052,-0.7094525,0,/?,0,2.3931595,112.62224,-1.398661,n.a.,n.a.
2022-Sep-05,13:00,*,10,56,1.61,6,48,44.6,69.317199,50.614356,-26.724,-10.589,1.008210013,-0.7126831,0,/?,0,2.3941692,112.73481,-1.404764,n.a.,n.a.
2022-Sep-06,13:00,*,10,59,37.96,6,26,27.2,69.818977,50.82548,-26.725,-10.589,1.007955129,-0.7151852,0,/?,0,2.3952094,112.84131,-1.409421,n.a.,n.a.
2022-Sep-07,13:00,*,11,3,14.08,6,4,3.6,70.327227,51.035982,-26.725,-10.589,1.007698796,-0.7170212,0,/?,0,2.3962924,112.94176,-1.412746,n.a.,n.a.
2022-Sep-08,13:00,*,11,6,50,5,41,34,70.841976,51.245682,-26.726,-10.589,1.007441358,-0.7183014,0,/?,0,2.3974288,113.03618,-1.414951,n.a.,n.a.
2022-Sep-09,13:00,*,11,10,25.74,5,18,58.9,71.363251,51.454395,-26.727,-10.589,1.007183085,-0.7191753,0,/?,0,2.3986259,113.12459,-1.416323,n.a.,n.a.
2022-Sep-10,13:00,*,11,14,1.32,4,56,18.4,71.891082,51.661937,-26.727,-10.589,1.006924153,-0.7198126,0,/?,0,2.3998865,113.20702,-1.417196,n.a.,n.a.
2022-Sep-11,13:00,*,11,17,36.77,4,33,33,72.425493,51.868122,-26.728,-10.589,1.006664641,-0.7203798,0,/?,0,2.4012088,113.28348,-1.417896,n.a.,n.a.
2022-Sep-12,13:00,*,11,21,12.11,4,10,42.7,72.966498,52.072763,-26.728,-10.589,1.006404538,-0.7210193,0,/?,0,2.402587,113.35398,-1.418705,n.a.,n.a.
2022-Sep-13,13:00,*,11,24,47.36,3,47,48.1,73.514104,52.275674,-26.729,-10.589,1.006143759,-0.7218368,0,/?,0,2.4040128,113.41853,-1.419836,n.a.,n.a.
2022-Sep-14,13:00,*,11,28,22.54,3,24,49.3,74.068301,52.476672,-26.729,-10.589,1.005882174,-0.7228991,0,/?,0,2.4054769,113.47711,-1.421425,n.a.,n.a.
2022-Sep-15,13:00,*m,11,31,57.69,3,1,46.7,74.629065,52.675574,-26.73,-10.589,1.00561962,-0.7242399,0,/?,0,2.4069702,113.52972,-1.423542,n.a.,n.a.
2022-Sep-16,13:00,*m,11,35,32.8,2,38,40.6,75.196357,52.872199,-26.731,-10.589,1.005355927,-0.7258685,0,/?,0,2.4084844,113.57633,-1.426211,n.a.,n.a.
2022-Sep-17,13:00,*m,11,39,7.92,2,15,31.3,75.770124,53.066369,-26.731,-10.589,1.005090921,-0.7277799,0,/?,0,2.4100122,113.61692,-1.429425,n.a.,n.a.
2022-Sep-18,13:00,*m,11,42,43.06,1,52,19.1,76.3503,53.257906,-26.732,-10.589,1.004824435,-0.7299614,0,/?,0,2.4115473,113.65147,-1.433162,n.a.,n.a.
2022-Sep-19,13:00,*m,11,46,18.23,1,29,4.4,76.936801,53.446635,-26.732,-10.589,1.00455631,-0.7323967,0,/?,0,2.413084,113.67995,-1.437395,n.a.,n.a.
2022-Sep-20,13:00,*m,11,49,53.46,1,5,47.6,77.529534,53.632386,-26.733,-10.589,1.004286398,-0.7350681,0,/?,0,2.4146169,113.70234,-1.442091,n.a.,n.a.
2022-Sep-21,13:00,*m,11,53,28.76,0,42,28.8,78.128387,53.814987,-26.733,-10.589,1.004014563,-0.7379548,0,/?,0,2.4161406,113.7186,-1.447213,n.a.,n.a.
2022-Sep-22,13:00,*m,11,57,4.16,0,19,8.6,78.733235,53.994273,-26.734,-10.589,1.003740681,-0.7410303,0,/?,0,2.4176494,113.72871,-1.452712,n.a.,n.a.
2022-Sep-23,13:00,*m,12,0,39.67,0,4,12.8,79.343937,54.170081,-26.735,-10.589,1.003464648,-0.7442582,0,/?,0,2.4191376,113.73263,-1.458521,n.a.,n.a.
2022-Sep-24,13:00,*m,12,4,15.32,0,27,35,79.960336,54.342252,-26.735,-10.589,1.003186383,-0.7475876,0,/?,0,2.4205993,113.73034,-1.464543,n.a.,n.a.
2022-Sep-25,13:00,*m,12,7,51.11,0,50,57.6,80.582261,54.510631,-26.736,-10.589,1.002905843,-0.7509493,0,/?,0,2.4220289,113.72179,-1.470647,n.a.,n.a.
2022-Sep-26,13:00,*m,12,11,27.07,-1,14,20.3,81.209523,54.675069,-26.736,-10.589,1.002623028,-0.7542549,0,/?,0,2.4234221,113.70695,-1.476664,n.a.,n.a.
2022-Sep-27,13:00,*m,12,15,3.21,-1,37,42.7,81.841918,54.835418,-26.737,-10.589,1.002337997,-0.7573975,0,/?,0,2.4247758,113.68579,-1.482387,n.a.,n.a.
2022-Sep-28,13:00,*m,12,18,39.55,-2,1,4.3,82.479227,54.991539,-26.738,-10.589,1.002050874,-0.7602581,0,/?,0,2.4260894,113.65828,-1.487586,n.a.,n.a.
2022-Sep-29,13:00,*m,12,22,16.11,-2,24,25,83.121213,55.143292,-26.738,-10.589,1.001761853,-0.7627134,0,/?,0,2.4273648,113.62441,-1.492019,n.a.,n.a.
2022-Sep-30,13:00,*m,12,25,52.9,-2,47,44.1,83.767625,55.290543,-26.739,-10.589,1.0014712,-0.7646464,0,/?,0,2.4286068,113.58415,-1.495456,n.a.,n.a.
2022-Oct-01,13:00,*,12,29,29.94,-3,11,1.5,84.418195,55.433159,-26.74,-10.589,1.001179243,-0.765956,0,/?,0,2.4298227,113.53751,-1.497696,n.a.,n.a.
2022-Oct-02,13:00,*,12,33,7.25,-3,34,16.7,85.072642,55.571007,-26.74,-10.589,1.000886363,-0.7665659,0,/?,0,2.431022,113.4845,-1.498585,n.a.,n.a.
2022-Oct-03,13:00,*,12,36,44.85,-3,57,29.3,85.730671,55.70396,-26.741,-10.589,1.000592976,-0.7664314,0,/?,0,2.4322157,113.42512,-1.498029,n.a.,n.a.
2022-Oct-04,13:00,*,12,40,22.76,-4,20,39,86.391975,55.831888,-26.741,-10.589,1.000299516,-0.7655442,0,/?,0,2.4334156,113.35939,-1.496005,n.a.,n.a.
2022-Oct-05,13:00,*,12,44,1,-4,43,45.4,87.056236,55.954667,-26.742,-10.589,1.000006407,-0.7639353,0,/?,0,2.4346336,113.28734,-1.492567,n.a.,n.a.
2022-Oct-06,13:00,*,12,47,39.6,-5,6,48.2,87.72313,56.072172,-26.743,-10.589,0.999714049,-0.7616751,0,/?,0,2.4358807,113.20898,-1.487846,n.a.,n.a.
2022-Oct-07,13:00,*,12,51,18.57,-5,29,47.1,88.392322,56.184282,-26.743,-10.589,0.999422786,-0.7588691,0,/?,0,2.4371655,113.12434,-1.482041,n.a.,n.a.
2022-Oct-08,13:00,*,12,54,57.93,-5,52,41.6,89.063468,56.290883,-26.744,-10.589,0.999132899,-0.7556485,0,/?,0,2.4384942,113.03343,-1.475405,n.a.,n.a.
2022-Oct-09,13:00,*,12,58,37.72,-6,15,31.6,89.736214,56.391863,-26.745,-10.589,0.998844585,-0.7521568,0,/?,0,2.439869,112.93627,-1.468216,n.a.,n.a.
2022-Oct-10,13:00,*,13,2,17.96,-6,38,16.6,90.410193,56.487119,-26.745,-10.589,0.998557962,-0.748534,0,/?,0,2.441289,112.83286,-1.460747,n.a.,n.a.
2022-Oct-11,13:00,*,13,5,58.66,-7,0,56.2,91.085019,56.576556,-26.746,-10.589,0.998273069,-0.7449036,0,/?,0,2.4427504,112.72321,-1.453241,n.a.,n.a.
2022-Oct-12,13:00,*,13,9,39.86,-7,23,30.3,91.760294,56.660086,-26.746,-10.589,0.997989884,-0.7413643,0,/?,0,2.4442469,112.60729,-1.445894,n.a.,n.a.
2022-Oct-13,13:00,*,13,13,21.56,-7,45,58.3,92.435601,56.737634,-26.747,-10.589,0.997708335,-0.7379872,0,/?,0,2.4457718,112.48511,-1.438849,n.a.,n.a.
2022-Oct-14,13:00,*,13,17,3.8,-8,8,20,93.110509,56.809133,-26.748,-10.589,0.997428316,-0.7348191,0,/?,0,2.4473177,112.35664,-1.4322,n.a.,n.a.
2022-Oct-15,13:00,*m,13,20,46.59,-8,30,35,93.784572,56.874527,-26.748,-10.589,0.997149702,-0.731888,0,/?,0,2.4488777,112.22186,-1.426006,n.a.,n.a.
2022-Oct-16,13:00,*m,13,24,29.96,-8,52,42.9,94.457333,56.93377,-26.749,-10.589,0.996872355,-0.7292091,0,/?,0,2.4504454,112.08077,-1.4203,n.a.,n.a.
2022-Oct-17,13:00,*m,13,28,13.92,-9,14,43.4,95.128325,56.986829,-26.75,-10.589,0.99659613,-0.7267907,0,/?,0,2.452015,111.93333,-1.4151,n.a.,n.a.
2022-Oct-18,13:00,*m,13,31,58.48,-9,36,36,95.797072,57.03368,-26.75,-10.589,0.996320882,-0.7246376,0,/?,0,2.4535808,111.77954,-1.41042,n.a.,n.a.
2022-Oct-19,13:00,*m,13,35,43.67,-9,58,20.4,96.463094,57.074311,-26.751,-10.589,0.99604646,-0.722753,0,/?,0,2.4551373,111.61937,-1.406268,n.a.,n.a.
2022-Oct-20,13:00,*m,13,39,29.51,-10,19,56.2,97.125902,57.108722,-26.751,-10.589,0.995772717,-0.7211368,0,/?,0,2.4566784,111.45281,-1.402646,n.a.,n.a.
2022-Oct-21,13:00,*m,13,43,16,-10,41,23,97.785008,57.136923,-26.752,-10.589,0.995499503,-0.7197823,0,/?,0,2.4581975,111.27984,-1.399546,n.a.,n.a.
2022-Oct-22,13:00,*m,13,47,3.16,-11,2,40.4,98.439922,57.158935,-26.753,-10.589,0.99522668,-0.7186704,0,/?,0,2.4596875,111.10044,-1.396934,n.a.,n.a.
2022-Oct-23,13:00,*m,13,50,51,-11,23,47.9,99.090153,57.174793,-26.753,-10.589,0.994954124,-0.7177625,0,/?,0,2.4611404,110.91459,-1.394739,n.a.,n.a.
2022-Oct-24,13:00,*m,13,54,39.54,-11,44,45.2,99.735214,57.184545,-26.754,-10.589,0.994681743,-0.7169935,0,/?,0,2.4625486,110.72227,-1.39284,n.a.,n.a.
2022-Oct-25,13:00,*m,13,58,28.79,-12,5,31.8,100.374623,57.188248,-26.754,-10.589,0.994409489,-0.7162678,0,/?,0,2.4639051,110.52348,-1.391054,n.a.,n.a.
2022-Oct-26,13:00,*m,14,2,18.76,-12,26,7.3,101.007901,57.185974,-26.755,-10.589,0.994137381,-0.7154607,0,/?,0,2.4652051,110.31822,-1.389144,n.a.,n.a.
2022-Oct-27,13:00,*m,14,6,9.45,-12,46,31.3,101.634579,57.177803,-26.755,-10.589,0.993865516,-0.7144278,0,/?,0,2.466447,110.10649,-1.386831,n.a.,n.a.
2022-Oct-28,13:00,*m,14,10,0.87,-13,6,43.4,102.254195,57.163824,-26.756,-10.589,0.993594075,-0.713019,0,/?,0,2.4676329,109.88831,-1.383824,n.a.,n.a.
2022-Oct-29,13:00,*m,14,13,53.04,-13,26,43,102.866292,57.144135,-26.757,-10.589,0.993323325,-0.7110973,0,/?,0,2.4687687,109.66372,-1.379854,n.a.,n.a.
2022-Oct-30,13:00,*,14,17,45.96,-13,46,29.8,103.470429,57.118838,-26.757,-10.589,0.993053606,-0.7085535,0,/?,0,2.4698634,109.43278,-1.374706,n.a.,n.a.
2022-Oct-31,13:00,*,14,21,39.64,-14,6,3.4,104.066174,57.088038,-26.758,-10.589,0.992785309,-0.7053166,0,/?,0,2.4709283,109.19553,-1.368236,n.a.,n.a.
2022-Nov-01,13:00,*,14,25,34.08,-14,25,23.4,104.65311,57.051846,-26.758,-10.589,0.992518853,-0.7013571,0,/?,0,2.4719754,108.95203,-1.360381,n.a.,n.a.
2022-Nov-02,13:00,*,14,29,29.31,-14,44,29.3,105.230839,57.01037,-26.759,-10.589,0.992254667,-0.6966851,0,/?,0,2.4730166,108.70234,-1.351152,n.a.,n.a.
2022-Nov-03,13:00,*,14,33,25.32,-15,3,20.8,105.79898,56.963726,-26.76,-10.589,0.99199316,-0.6913463,0,/?,0,2.4740627,108.44651,-1.340634,n.a.,n.a.
2022-Nov-04,13:00,*,14,37,22.13,-15,21,57.4,106.357173,56.912029,-26.76,-10.589,0.991734709,-0.6854148,0,/?,0,2.4751231,108.18461,-1.328963,n.a.,n.a.
2022-Nov-05,13:00,*,14,41,19.74,-15,40,18.8,106.905076,56.855399,-26.761,-10.589,0.99147964,-0.678987,0,/?,0,2.4762051,107.91668,-1.316323,n.a.,n.a.
2022-Nov-06,13:00,*,14,45,18.18,-15,58,24.7,107.442364,56.793957,-26.761,-10.589,0.991228219,-0.6721739,0,/?,0,2.4773135,107.64276,-1.302926,n.a.,n.a.
2022-Nov-07,13:00,*,14,49,17.44,-16,16,14.5,107.968729,56.72783,-26.762,-10.589,0.990980648,-0.6650921,0,/?,0,2.4784507,107.36291,-1.288996,n.a.,n.a.
2022-Nov-08,13:00,*,14,53,17.53,-16,33,48,108.483879,56.657147,-26.762,-10.589,0.990737061,-0.6578561,0,/?,0,2.4796168,107.07716,-1.274755,n.a.,n.a.
2022-Nov-09,13:00,*,14,57,18.46,-16,51,4.8,108.987537,56.582046,-26.763,-10.589,0.990497528,-0.6505706,0,/?,0,2.4808096,106.78556,-1.260406,n.a.,n.a.
2022-Nov-10,13:00,*,15,1,20.25,-17,8,4.5,109.479439,56.502666,-26.763,-10.589,0.990262065,-0.6433255,0,/?,0,2.4820255,106.48815,-1.246126,n.a.,n.a.
2022-Nov-11,13:00,*,15,5,22.89,-17,24,46.7,109.959335,56.419155,-26.764,-10.589,0.990030639,-0.6361936,0,/?,0,2.4832598,106.18495,-1.232057,n.a.,n.a.
2022-Nov-12,13:00,*,15,9,26.39,-17,41,11,110.426991,56.331665,-26.764,-10.589,0.989803181,-0.6292313,0,/?,0,2.4845072,105.87602,-1.218311,n.a.,n.a.
2022-Nov-13,13:00,*m,15,13,30.75,-17,57,17,110.882186,56.240353,-26.765,-10.589,0.989579594,-0.6224814,0,/?,0,2.4857625,105.5614,-1.204974,n.a.,n.a.
2022-Nov-14,13:00,*m,15,17,35.97,-18,13,4.4,111.324716,56.14538,-26.765,-10.589,0.98935976,-0.6159771,0,/?,0,2.4870205,105.24113,-1.192111,n.a.,n.a.
2022-Nov-15,13:00,*m,15,21,42.05,-18,28,32.8,111.754392,56.046914,-26.766,-10.589,0.989143542,-0.6097455,0,/?,0,2.488276,104.91527,-1.179778,n.a.,n.a.
2022-Nov-16,13:00,*m,15,25,49,-18,43,41.7,112.171042,55.945123,-26.766,-10.589,0.98893079,-0.6038115,0,/?,0,2.4895239,104.58386,-1.168023,n.a.,n.a.
2022-Nov-17,13:00,*m,15,29,56.8,-18,58,30.9,112.574509,55.840184,-26.767,-10.589,0.988721339,-0.5981981,0,/?,0,2.4907588,104.24697,-1.156895,n.a.,n.a.
2022-Nov-18,13:00,*m,15,34,5.45,-19,12,59.8,112.964654,55.732272,-26.767,-10.589,0.988515014,-0.5929265,0,/?,0,2.4919745,103.90466,-1.146436,n.a.,n.a.
2022-Nov-19,13:00,*m,15,38,14.95,-19,27,8.2,113.341354,55.62157,-26.768,-10.589,0.988311626,-0.5880115,0,/?,0,2.4931638,103.55699,-1.136677,n.a.,n.a.
2022-Nov-20,13:00,*m,15,42,25.29,-19,40,55.5,113.704501,55.508262,-26.768,-10.589,0.988110983,-0.5834542,0,/?,0,2.4943183,103.20402,-1.127624,n.a.,n.a.
2022-Nov-21,13:00,*m,15,46,36.46,-19,54,21.6,114.054007,55.392537,-26.769,-10.589,0.987912897,-0.5792326,0,/?,0,2.4954285,102.84584,-1.119237,n.a.,n.a.
2022-Nov-22,13:00,*m,15,50,48.44,-20,7,25.9,114.389799,55.274587,-26.769,-10.589,0.987717206,-0.5752899,0,/?,0,2.4964841,102.48252,-1.111412,n.a.,n.a.
2022-Nov-23,13:00,*m,15,55,1.23,-20,20,8.1,114.711823,55.154609,-26.769,-10.589,0.987523787,-0.5715269,0,/?,0,2.4974759,102.11416,-1.103962,n.a.,n.a.
2022-Nov-24,13:00,*m,15,59,14.79,-20,32,27.8,115.020039,55.032802,-26.77,-10.589,0.987332593,-0.5678026,0,/?,0,2.4983968,101.74086,-1.096617,n.a.,n.a.
2022-Nov-25,13:00,*m,16,3,29.13,-20,44,24.6,115.314421,54.909367,-26.77,-10.589,0.987143662,-0.5639461,0,/?,0,2.4992439,101.36276,-1.08905,n.a.,n.a.
2022-Nov-26,13:00,*m,16,7,44.21,-20,55,58.2,115.594955,54.784505,-26.771,-10.589,0.986957138,-0.5597798,0,/?,0,2.5000195,100.98002,-1.080919,n.a.,n.a.
2022-Nov-27,13:00,*m,16,12,0.02,-21,7,8.2,115.861635,54.658414,-26.771,-10.589,0.986773262,-0.5551459,0,/?,0,2.5007306,100.59279,-1.071916,n.a.,n.a.
2022-Nov-28,13:00,*,16,16,16.53,-21,17,54.4,116.114466,54.531287,-26.771,-10.589,0.986592352,-0.5499276,0,/?,0,2.5013881,100.20124,-1.061813,n.a.,n.a.
2022-Nov-29,13:00,*,16,20,33.73,-21,28,16.3,116.353464,54.403307,-26.772,-10.589,0.986414784,-0.5440594,0,/?,0,2.5020047,99.805548,-1.050477,n.a.,n.a.
2022-Nov-30,13:00,*,16,24,51.59,-21,38,13.7,116.578655,54.274653,-26.772,-10.589,0.986240953,-0.5375247,0,/?,0,2.5025932,99.405885,-1.03787,n.a.,n.a.
2022-Dec-01,13:00,*,16,29,10.1,-21,47,46.3,116.790077,54.145495,-26.773,-10.589,0.986071254,-0.5303476,0,/?,0,2.5031655,99.002414,-1.024034,n.a.,n.a.
2022-Dec-02,13:00,*,16,33,29.24,-21,56,53.8,116.98778,54.015993,-26.773,-10.589,0.985906056,-0.5225813,0,/?,0,2.5037315,98.595297,-1.009067,n.a.,n.a.
2022-Dec-03,13:00,*,16,37,48.98,-22,5,36,117.171821,53.886304,-26.773,-10.589,0.985745693,-0.5142985,0,/?,0,2.5042994,98.18469,-0.993104,n.a.,n.a.
2022-Dec-04,13:00,*,16,42,9.31,-22,13,52.6,117.342268,53.756577,-26.774,-10.589,0.985590455,-0.5055838,0,/?,0,2.5048753,97.770748,-0.976306,n.a.,n.a.
2022-Dec-05,13:00,*,16,46,30.2,-22,21,43.4,117.499193,53.626958,-26.774,-10.589,0.985440576,-0.4965282,0,/?,0,2.5054636,97.353624,-0.958846,n.a.,n.a.
2022-Dec-06,13:00,*,16,50,51.63,-22,29,8,117.642675,53.497586,-26.774,-10.589,0.985296242,-0.487225,0,/?,0,2.5060669,96.93347,-0.940903,n.a.,n.a.
2022-Dec-07,13:00,*,16,55,13.58,-22,36,6.4,117.772798,53.368599,-26.775,-10.589,0.985157582,-0.4777664,0,/?,0,2.5066863,96.510437,-0.922654,n.a.,n.a.
2022-Dec-08,13:00,*,16,59,36.03,-22,42,38.4,117.889649,53.24013,-26.775,-10.589,0.985024672,-0.46824,0,/?,0,2.5073214,96.084678,-0.904268,n.a.,n.a.
2022-Dec-09,13:00,*,17,3,58.96,-22,48,43.6,117.993316,53.11231,-26.775,-10.589,0.984897542,-0.4587262,0,/?,0,2.5079706,95.656346,-0.8859,n.a.,n.a.
2022-Dec-10,13:00,*,17,8,22.34,-22,54,21.9,118.083892,52.985267,-26.775,-10.589,0.984776176,-0.4492967,0,/?,0,2.5086314,95.225595,-0.86769,n.a.,n.a.
2022-Dec-11,13:00,*,17,12,46.14,-22,59,33.2,118.161472,52.859128,-26.776,-10.589,0.984660519,-0.4400138,0,/?,0,2.5093006,94.792584,-0.849758,n.a.,n.a.
2022-Dec-12,13:00,*,17,17,10.33,-23,4,17.3,118.226153,52.734015,-26.776,-10.589,0.984550483,-0.4309316,0,/?,0,2.5099746,94.357471,-0.83221,n.a.,n.a.
2022-Dec-13,13:00,*m,17,21,34.9,-23,8,34,118.278036,52.610051,-26.776,-10.589,0.98444595,-0.4220976,0,/?,0,2.5106495,93.920419,-0.815139,n.a.,n.a.
2022-Dec-14,13:00,*m,17,25,59.81,-23,12,23.1,118.317222,52.487354,-26.776,-10.589,0.984346776,-0.4135554,0,/?,0,2.5113212,93.481594,-0.798629,n.a.,n.a.
2022-Dec-15,13:00,*m,17,30,25.02,-23,15,44.6,118.343819,52.366042,-26.777,-10.589,0.984252792,-0.4053467,0,/?,0,2.5119853,93.041163,-0.782762,n.a.,n.a.
2022-Dec-16,13:00,*m,17,34,50.52,-23,18,38.3,118.357934,52.246227,-26.777,-10.589,0.984163805,-0.3975131,0,/?,0,2.5126367,92.599294,-0.767619,n.a.,n.a.
2022-Dec-17,13:00,*m,17,39,16.27,-23,21,4,118.35968,52.128023,-26.777,-10.589,0.984079597,-0.3900947,0,/?,0,2.5132695,92.156159,-0.753279,n.a.,n.a.
2022-Dec-18,13:00,*m,17,43,42.22,-23,23,1.8,118.34917,52.011539,-26.777,-10.589,0.983999928,-0.3831264,0,/?,0,2.5138763,91.711929,-0.739809,n.a.,n.a.
2022-Dec-19,13:00,*m,17,48,8.36,-23,24,31.5,118.326524,51.896885,-26.777,-10.589,0.983924543,-0.3766298,0,/?,0,2.5144478,91.266778,-0.727255,n.a.,n.a.
2022-Dec-20,13:00,*m,17,52,34.65,-23,25,33,118.291867,51.784168,-26.777,-10.589,0.983853176,-0.3706008,0,/?,0,2.5149732,90.820888,-0.71561,n.a.,n.a.
2022-Dec-21,13:00,*m,17,57,1.04,-23,26,6.3,118.245329,51.673498,-26.778,-10.589,0.98378558,-0.3649948,0,/?,0,2.5154405,90.374446,-0.704792,n.a.,n.a.
2022-Dec-22,13:00,*m,18,1,27.5,-23,26,11.3,118.187042,51.564982,-26.778,-10.589,0.983721543,-0.3597148,0,/?,0,2.5158379,89.927657,-0.694616,n.a.,n.a.
2022-Dec-23,13:00,*m,18,5,53.99,-23,25,48.1,118.117147,51.45873,-26.778,-10.589,0.983660928,-0.3546099,0,/?,0,2.5161565,89.480742,-0.684797,n.a.,n.a.
2022-Dec-24,13:00,*m,18,10,20.47,-23,24,56.5,118.035779,51.354849,-26.778,-10.589,0.983603694,-0.3494898,0,/?,0,2.5163919,89.033939,-0.674969,n.a.,n.a.
2022-Dec-25,13:00,*m,18,14,46.9,-23,23,36.7,117.943077,51.253444,-26.778,-10.589,0.983549916,-0.3441545,0,/?,0,2.5165462,88.587499,-0.664749,n.a.,n.a.
2022-Dec-26,13:00,*m,18,19,13.24,-23,21,48.6,117.839171,51.154611,-26.778,-10.589,0.983499779,-0.3384289,0,/?,0,2.516627,88.141672,-0.653798,n.a.,n.a.
2022-Dec-27,13:00,*,18,23,39.45,-23,19,32.3,117.724193,51.058441,-26.778,-10.589,0.983453551,-0.3321884,0,/?,0,2.5166464,87.696705,-0.641874,n.a.,n.a.
2022-Dec-28,13:00,*,18,28,5.49,-23,16,47.9,117.598272,50.96501,-26.778,-10.589,0.983411559,-0.325368,0,/?,0,2.516618,87.25283,-0.628847,n.a.,n.a.
2022-Dec-29,13:00,*,18,32,31.33,-23,13,35.5,117.461537,50.874388,-26.779,-10.589,0.983374149,-0.3179563,0,/?,0,2.5165551,86.810265,-0.614692,n.a.,n.a.
2022-Dec-30,13:00,*,18,36,56.93,-23,9,55.1,117.314116,50.786631,-26.779,-10.589,0.98334166,-0.3099816,0,/?,0,2.5164692,86.369213,-0.599458,n.a.,n.a.
2022-Dec-31,13:00,*,18,41,22.27,-23,5,46.9,117.156137,50.701788,-26.779,-10.589,0.983314407,-0.3014965,0,/?,0,2.51637,85.929866,-0.583246,n.a.,n.a.
2023-Jan-01,13:00,*,18,45,47.31,-23,1,11.1,116.987726,50.6199,-26.779,-10.589,0.983292671,-0.2925665,0,/?,0,2.5162647,85.492409,-0.566176,n.a.,n.a.