Date__(UT)_,_HR:MN,,R.,A._,____(I,CRF),___,__DEC,Azi,El,APmag,S-brt,delta,deldot,S-O-T,/r,S-T-O,Sky_motion,Sky_mot_PA,RelVel-ANG,Lun_Sky_Brt,sky_SNR
2022-Jan-01,13:00,*m,18,46,55.02,-23,0,2.1,126.90271,5.444609,-26.779,-10.589,0.9833457,-0.2965775,0,/?,0,2.5332972,85.435945,-0.57005,n.a.,n.a.
2022-Jan-02,13:00,*m,18,51,19.82,-22,54,51.7,126.762513,5.440165,-26.779,-10.589,0.983337798,-0.2910412,0,/?,0,2.533377,85.002769,-0.559504,n.a.,n.a.
2022-Jan-03,13:00,*,18,55,44.27,-22,49,14,126.61827,5.442144,-26.779,-10.589,0.983333378,-0.2855277,0,/?,0,2.5333723,84.571636,-0.549018,n.a.,n.a.
2022-Jan-04,13:00,*,19,0,8.34,-22,43,8.9,126.470099,5.450592,-26.779,-10.589,0.983332489,-0.2798422,0,/?,0,2.5332863,84.142775,-0.538219,n.a.,n.a.
2022-Jan-05,13:00,*,19,4,31.99,-22,36,36.9,126.318117,5.465552,-26.779,-10.589,0.983335284,-0.2738265,0,/?,0,2.5331275,83.716413,-0.526805,n.a.,n.a.
2022-Jan-06,13:00,*,19,8,55.2,-22,29,37.9,126.162437,5.487061,-26.779,-10.589,0.983341992,-0.2673762,0,/?,0,2.5329075,83.292769,-0.514572,n.a.,n.a.
2022-Jan-07,13:00,*,19,13,17.92,-22,22,12.3,126.003169,5.515144,-26.779,-10.589,0.983352885,-0.2604414,0,/?,0,2.5326382,82.872049,-0.501422,n.a.,n.a.
2022-Jan-08,13:00,*,19,17,40.12,-22,14,20.2,125.840422,5.549823,-26.779,-10.589,0.98336825,-0.2530152,0,/?,0,2.532331,82.454442,-0.48734,n.a.,n.a.
2022-Jan-09,13:00,*,19,22,1.8,-22,6,2,125.674301,5.591107,-26.779,-10.589,0.983388371,-0.2451189,0,/?,0,2.5319953,82.040127,-0.472362,n.a.,n.a.
2022-Jan-10,13:00,*,19,26,22.91,-21,57,17.9,125.504909,5.639001,-26.778,-10.589,0.983413513,-0.2367886,0,/?,0,2.5316388,81.629268,-0.456557,n.a.,n.a.
2022-Jan-11,13:00,*,19,30,43.43,-21,48,8.1,125.332348,5.693505,-26.778,-10.589,0.983443916,-0.2280667,0,/?,0,2.5312676,81.222025,-0.440002,n.a.,n.a.
2022-Jan-12,13:00,*,19,35,3.35,-21,38,32.9,125.156718,5.754612,-26.778,-10.589,0.983479797,-0.2189969,0,/?,0,2.530887,80.818546,-0.422781,n.a.,n.a.
2022-Jan-13,13:00,*,19,39,22.65,-21,28,32.5,124.978116,5.82231,-26.778,-10.589,0.983521348,-0.2096235,0,/?,0,2.5305012,80.418976,-0.404975,n.a.,n.a.
2022-Jan-14,13:00,*,19,43,41.3,-21,18,7.4,124.796638,5.896584,-26.778,-10.589,0.983568731,-0.1999918,0,/?,0,2.5301145,80.023451,-0.386672,n.a.,n.a.
2022-Jan-15,13:00,*,19,47,59.28,-21,7,17.7,124.612379,5.977413,-26.778,-10.589,0.983622086,-0.1901508,0,/?,0,2.5297305,79.632103,-0.367963,n.a.,n.a.
2022-Jan-16,13:00,*,19,52,16.59,-20,56,3.8,124.425428,6.064773,-26.778,-10.589,0.983681517,-0.1801551,0,/?,0,2.5293528,79.245056,-0.348953,n.a.,n.a.
2022-Jan-17,13:00,*,19,56,33.21,-20,44,26,124.235875,6.158634,-26.778,-10.589,0.983747098,-0.1700665,0,/?,0,2.5289844,78.862427,-0.329759,n.a.,n.a.
2022-Jan-18,13:00,*m,20,0,49.12,-20,32,24.6,124.043806,6.258966,-26.778,-10.589,0.983818864,-0.1599554,0,/?,0,2.5286278,78.484327,-0.310517,n.a.,n.a.
2022-Jan-19,13:00,*m,20,5,4.31,-20,19,59.9,123.849305,6.365733,-26.777,-10.589,0.983896805,-0.1499,0,/?,0,2.5282844,78.110858,-0.291374,n.a.,n.a.
2022-Jan-20,13:00,*m,20,9,18.78,-20,7,12.2,123.652452,6.478896,-26.777,-10.589,0.983980865,-0.1399847,0,/?,0,2.5279547,77.742116,-0.272493,n.a.,n.a.
2022-Jan-21,13:00,*m,20,13,32.51,-19,54,2,123.453326,6.598415,-26.777,-10.589,0.984070938,-0.1302983,0,/?,0,2.5276377,77.378188,-0.254044,n.a.,n.a.
2022-Jan-22,13:00,*m,20,17,45.49,-19,40,29.5,123.252005,6.724247,-26.777,-10.589,0.984166864,-0.1209306,0,/?,0,2.527331,77.019156,-0.236199,n.a.,n.a.
2022-Jan-23,13:00,*m,20,21,57.73,-19,26,35,123.048566,6.856346,-26.777,-10.589,0.984268433,-0.1119701,0,/?,0,2.5270305,76.665096,-0.219126,n.a.,n.a.
2022-Jan-24,13:00,*m,20,26,9.2,-19,12,19,122.843085,6.994663,-26.776,-10.589,0.984375383,-0.1034998,0,/?,0,2.5267304,76.316078,-0.202987,n.a.,n.a.
2022-Jan-25,13:00,*m,20,30,19.91,-18,57,41.7,122.635638,7.139146,-26.776,-10.589,0.984487409,-0.0955925,0,/?,0,2.526423,75.972172,-0.18792,n.a.,n.a.
2022-Jan-26,13:00,*m,20,34,29.84,-18,42,43.5,122.426304,7.289742,-26.776,-10.589,0.984604165,-0.0883045,0,/?,0,2.5260987,75.633443,-0.174032,n.a.,n.a.
2022-Jan-27,13:00,*m,20,38,39,-18,27,24.9,122.215165,7.446395,-26.776,-10.589,0.984725282,-0.0816649,0,/?,0,2.5257459,75.299959,-0.161382,n.a.,n.a.
2022-Jan-28,13:00,*m,20,42,47.36,-18,11,46.1,122.002306,7.609048,-26.775,-10.589,0.984850382,-0.0756651,0,/?,0,2.5253518,74.971797,-0.149952,n.a.,n.a.
2022-Jan-29,13:00,*m,20,46,54.94,-17,55,47.6,121.787814,7.77764,-26.775,-10.589,0.984979107,-0.0702478,0,/?,0,2.5249031,74.649038,-0.139634,n.a.,n.a.
2022-Jan-30,13:00,*m,20,51,1.71,-17,39,29.7,121.571782,7.952112,-26.775,-10.589,0.985111146,-0.0653038,0,/?,0,2.5243885,74.331779,-0.130219,n.a.,n.a.
2022-Jan-31,13:00,*m,20,55,7.67,-17,22,52.9,121.3543,8.132402,-26.774,-10.589,0.985246263,-0.0606792,0,/?,0,2.5237998,74.020126,-0.121415,n.a.,n.a.
2022-Feb-01,13:00,*m,20,59,12.82,-17,5,57.6,121.135459,8.318448,-26.774,-10.589,0.985384322,-0.0561957,0,/?,0,2.5231337,73.714189,-0.112881,n.a.,n.a.
2022-Feb-02,13:00,*,21,3,17.15,-16,48,44.2,120.915348,8.510184,-26.774,-10.589,0.985525287,-0.0516781,0,/?,0,2.5223925,73.41408,-0.104283,n.a.,n.a.
2022-Feb-03,13:00,*,21,7,20.66,-16,31,13.1,120.694049,8.707543,-26.773,-10.589,0.985669218,-0.0469785,0,/?,0,2.5215828,73.119901,-0.095336,n.a.,n.a.
2022-Feb-04,13:00,*,21,11,23.35,-16,13,24.8,120.471641,8.910449,-26.773,-10.589,0.985816246,-0.0419913,0,/?,0,2.5207139,72.831739,-0.08584,n.a.,n.a.
2022-Feb-05,13:00,*,21,15,25.2,-15,55,19.7,120.248197,9.118822,-26.773,-10.589,0.985966552,-0.0366551,0,/?,0,2.5197961,72.549668,-0.075675,n.a.,n.a.
2022-Feb-06,13:00,*,21,19,26.24,-15,36,58.2,120.023784,9.332574,-26.772,-10.589,0.986120339,-0.0309452,0,/?,0,2.5188394,72.273748,-0.064793,n.a.,n.a.
2022-Feb-07,13:00,*,21,23,26.45,-15,18,20.7,119.798464,9.551613,-26.772,-10.589,0.986277818,-0.0248624,0,/?,0,2.5178526,72.00403,-0.053195,n.a.,n.a.
2022-Feb-08,13:00,*,21,27,25.85,-14,59,27.8,119.572295,9.775842,-26.772,-10.589,0.986439194,-0.0184224,0,/?,0,2.516843,71.740552,-0.04091,n.a.,n.a.
2022-Feb-09,13:00,*,21,31,24.44,-14,40,19.7,119.345329,10.00516,-26.771,-10.589,0.986604658,-0.0116479,0,/?,0,2.5158172,71.483349,-0.02798,n.a.,n.a.
2022-Feb-10,13:00,*,21,35,22.24,-14,20,57,119.117613,10.239462,-26.771,-10.589,0.986774389,-0.0045641,0,/?,0,2.5147805,71.232451,-0.014454,n.a.,n.a.
2022-Feb-11,13:00,*,21,39,19.24,-14,1,20.1,118.889193,10.478641,-26.771,-10.589,0.986948552,0.0028026,0,/?,0,2.5137381,70.987882,-0.00038,n.a.,n.a.
2022-Feb-12,13:00,*,21,43,15.46,-13,41,29.3,118.660106,10.722584,-26.77,-10.589,0.987127292,0.0104238,0,/?,0,2.5126951,70.749663,0.0141869,n.a.,n.a.
2022-Feb-13,13:00,*,21,47,10.91,-13,21,25,118.430387,10.971179,-26.77,-10.589,0.987310741,0.0182659,0,/?,0,2.5116566,70.517811,0.0291823,n.a.,n.a.
2022-Feb-14,13:00,*,21,51,5.61,-13,1,7.8,118.200065,11.224308,-26.769,-10.589,0.987499005,0.0262866,0,/?,0,2.5106276,70.292338,0.0445258,n.a.,n.a.
2022-Feb-15,13:00,*,21,54,59.57,-12,40,38,117.969165,11.481853,-26.769,-10.589,0.987692163,0.0344317,0,/?,0,2.5096132,70.07325,0.0601127,n.a.,n.a.
2022-Feb-16,13:00,*,21,58,52.8,-12,19,55.9,117.737706,11.743695,-26.769,-10.589,0.98789026,0.0426314,0,/?,0,2.5086179,69.860548,0.0758098,n.a.,n.a.
2022-Feb-17,13:00,*,22,2,45.32,-11,59,2.1,117.505705,12.009711,-26.768,-10.589,0.988093294,0.0508005,0,/?,0,2.5076454,69.654228,0.091453,n.a.,n.a.
2022-Feb-18,13:00,*m,22,6,37.15,-11,37,56.9,117.273172,12.279779,-26.768,-10.589,0.98830121,0.0588395,0,/?,0,2.5066979,69.454281,0.1068511,n.a.,n.a.
2022-Feb-19,13:00,*m,22,10,28.3,-11,16,40.6,117.040113,12.553774,-26.767,-10.589,0.988513892,0.066639,0,/?,0,2.5057754,69.260694,0.1217942,n.a.,n.a.
2022-Feb-20,13:00,*m,22,14,18.79,-10,55,13.7,116.806533,12.831572,-26.767,-10.589,0.988731159,0.0740865,0,/?,0,2.504876,69.07345,0.136066,n.a.,n.a.
2022-Feb-21,13:00,*m,22,18,8.64,-10,33,36.5,116.572437,13.113046,-26.766,-10.589,0.988952769,0.0810735,0,/?,0,2.5039951,68.892534,0.1494586,n.a.,n.a.
2022-Feb-22,13:00,*m,22,21,57.87,-10,11,49.5,116.337827,13.398071,-26.766,-10.589,0.989178414,0.0875035,0,/?,0,2.5031259,68.717932,0.1617869,n.a.,n.a.
2022-Feb-23,13:00,*m,22,25,46.48,-9,49,53,116.102708,13.686517,-26.765,-10.589,0.989407742,0.0932994,0,/?,0,2.5022595,68.549635,0.1729031,n.a.,n.a.
2022-Feb-24,13:00,*m,22,29,34.51,-9,27,47.5,115.867089,13.978256,-26.765,-10.589,0.989640359,0.0984101,0,/?,0,2.5013853,68.38764,0.1827098,n.a.,n.a.
2022-Feb-25,13:00,*m,22,33,21.96,-9,5,33.2,115.630979,14.273159,-26.764,-10.589,0.989875853,0.1028174,0,/?,0,2.5004915,68.231953,0.1911729,n.a.,n.a.
2022-Feb-26,13:00,*m,22,37,8.86,-8,43,10.6,115.394393,14.571096,-26.764,-10.589,0.99011381,0.1065419,0,/?,0,2.4995657,68.08259,0.1983325,n.a.,n.a.
2022-Feb-27,13:00,*m,22,40,55.21,-8,20,40.2,115.157347,14.871938,-26.763,-10.589,0.990353842,0.1096462,0,/?,0,2.4985964,67.939578,0.2043092,n.a.,n.a.
2022-Feb-28,13:00,*m,22,44,41.03,-7,58,2.3,114.91986,15.175558,-26.763,-10.589,0.990595609,0.1122329,0,/?,0,2.4975736,67.802952,0.2093006,n.a.,n.a.
2022-Mar-01,13:00,*m,22,48,26.33,-7,35,17.4,114.681952,15.481829,-26.762,-10.589,0.990838838,0.1144365,0,/?,0,2.4964907,67.672751,0.2135646,n.a.,n.a.
2022-Mar-02,13:00,*m,22,52,11.13,-7,12,25.8,114.44364,15.790623,-26.762,-10.589,0.99108334,0.1164079,0,/?,0,2.4953448,67.549017,0.2173907,n.a.,n.a.
2022-Mar-03,13:00,*m,22,55,55.44,-6,49,28.1,114.204943,16.101814,-26.761,-10.589,0.991329014,0.1182961,0,/?,0,2.494137,67.431783,0.2210645,n.a.,n.a.
2022-Mar-04,13:00,*m,22,59,39.27,-6,26,24.5,113.965874,16.415273,-26.76,-10.589,0.99157584,0.1202314,0,/?,0,2.4928718,67.321076,0.2248357,n.a.,n.a.
2022-Mar-05,13:00,*,23,3,22.65,-6,3,15.6,113.726446,16.730868,-26.76,-10.589,0.991823865,0.1223155,0,/?,0,2.4915563,67.216911,0.2288986,n.a.,n.a.
2022-Mar-06,13:00,*,23,7,5.58,-5,40,1.8,113.486667,17.048467,-26.759,-10.589,0.992073186,0.1246178,0,/?,0,2.4901983,67.119292,0.2333864,n.a.,n.a.
2022-Mar-07,13:00,*,23,10,48.09,-5,16,43.4,113.246539,17.367933,-26.759,-10.589,0.99232393,0.1271797,0,/?,0,2.4888059,67.028217,0.2383784,n.a.,n.a.
2022-Mar-08,13:00,*,23,14,30.18,-4,53,20.9,113.006065,17.689126,-26.758,-10.589,0.992576244,0.1300213,0,/?,0,2.4873868,66.943678,0.2439127,n.a.,n.a.
2022-Mar-09,13:00,*,23,18,11.89,-4,29,54.7,112.765242,18.011906,-26.758,-10.589,0.992830279,0.1331488,0,/?,0,2.4859478,66.865662,0.2500013,n.a.,n.a.
2022-Mar-10,13:00,*,23,21,53.23,-4,6,25.2,112.524063,18.336131,-26.757,-10.589,0.993086191,0.1365611,0,/?,0,2.484495,66.794154,0.2566419,n.a.,n.a.
2022-Mar-11,13:00,*,23,25,34.21,-3,42,52.7,112.28252,18.661657,-26.757,-10.589,0.993344131,0.1402535,0,/?,0,2.4830341,66.729139,0.2638256,n.a.,n.a.
2022-Mar-12,13:00,*,23,29,14.87,-3,19,17.6,112.040602,18.98834,-26.756,-10.589,0.993604248,0.1442196,0,/?,0,2.4815707,66.6706,0.27154,n.a.,n.a.
2022-Mar-13,13:00,*,23,32,55.22,-2,55,40.4,111.798293,19.316035,-26.755,-10.589,0.993866688,0.1484502,0,/?,0,2.4801104,66.618517,0.2797669,n.a.,n.a.
2022-Mar-14,13:00,*,23,36,35.28,-2,32,1.3,111.555578,19.644596,-26.755,-10.589,0.994131588,0.1529297,0,/?,0,2.4786594,66.572871,0.2884763,n.a.,n.a.
2022-Mar-15,13:00,*,23,40,15.07,-2,8,20.8,111.312435,19.973876,-26.754,-10.589,0.994399074,0.1576318,0,/?,0,2.4772245,66.533638,0.2976168,n.a.,n.a.
2022-Mar-16,13:00,*,23,43,54.62,-1,44,39.2,111.06884,20.30373,-26.754,-10.589,0.994669253,0.1625127,0,/?,0,2.4758126,66.500791,0.3071033,n.a.,n.a.
2022-Mar-17,13:00,*,23,47,33.96,-1,20,56.8,110.824766,20.634011,-26.753,-10.589,0.9949422,0.1675058,0,/?,0,2.4744304,66.4743,0.3168069,n.a.,n.a.
2022-Mar-18,13:00,*,23,51,13.1,0,57,14,110.580182,20.964573,-26.753,-10.589,0.995217943,0.172519,0,/?,0,2.4730839,66.454132,0.3265488,n.a.,n.a.
2022-Mar-19,13:00,*,23,54,52.07,0,33,31.2,110.335054,21.295269,-26.752,-10.589,0.995496453,0.1774355,0,/?,0,2.4717772,66.440251,0.3361032,n.a.,n.a.
2022-Mar-20,13:00,*,23,58,30.89,0,9,48.7,110.089348,21.625954,-26.751,-10.589,0.995777625,0.1821208,0,/?,0,2.4705115,66.432621,0.3452102,n.a.,n.a.
2022-Mar-21,13:00,*,0,2,9.59,0,13,53.3,109.843028,21.956485,-26.751,-10.589,0.996061274,0.1864351,0,/?,0,2.469285,66.431211,0.3535996,n.a.,n.a.
2022-Mar-22,13:00,*m,0,5,48.2,0,37,34.3,109.596064,22.286716,-26.75,-10.589,0.99634714,0.1902468,0,/?,0,2.4680923,66.435995,0.3610182,n.a.,n.a.
2022-Mar-23,13:00,*m,0,9,26.72,1,1,14,109.348428,22.616504,-26.749,-10.589,0.996634889,0.1934466,0,/?,0,2.466925,66.446955,0.3672554,n.a.,n.a.
2022-Mar-24,13:00,*m,0,13,5.2,1,24,52.2,109.100097,22.945706,-26.749,-10.589,0.996924135,0.195957,0,/?,0,2.4657727,66.464085,0.3721629,n.a.,n.a.
2022-Mar-25,13:00,*m,0,16,43.65,1,48,28.4,108.851056,23.274178,-26.748,-10.589,0.997214458,0.1977379,0,/?,0,2.4646237,66.487387,0.3756644,n.a.,n.a.
2022-Mar-26,13:00,*m,0,20,22.08,2,12,2.2,108.601296,23.601781,-26.748,-10.589,0.997505424,0.1987878,0,/?,0,2.463466,66.516873,0.3777584,n.a.,n.a.
2022-Mar-27,13:00,*m,0,24,0.52,2,35,33.5,108.350814,23.928376,-26.747,-10.589,0.997796613,0.1991423,0,/?,0,2.4622883,66.552563,0.3785149,n.a.,n.a.
2022-Mar-28,13:00,*m,0,27,38.99,2,59,1.7,108.099612,24.253825,-26.746,-10.589,0.998087633,0.1988707,0,/?,0,2.4610806,66.594481,0.3780683,n.a.,n.a.
2022-Mar-29,13:00,*m,0,31,17.5,3,22,26.5,107.847696,24.577998,-26.746,-10.589,0.998378141,0.1980693,0,/?,0,2.459835,66.642652,0.3766055,n.a.,n.a.
2022-Mar-30,13:00,*m,0,34,56.07,3,45,47.5,107.595078,24.900762,-26.745,-10.589,0.998667856,0.1968539,0,/?,0,2.4585461,66.697097,0.37435,n.a.,n.a.
2022-Mar-31,13:00,*m,0,38,34.72,4,9,4.4,107.34177,25.22199,-26.744,-10.589,0.998956567,0.1953491,0,/?,0,2.4572114,66.757836,0.3715423,n.a.,n.a.
2022-Apr-01,13:00,*m,0,42,13.46,4,32,16.7,107.087788,25.541554,-26.744,-10.589,0.999244135,0.1936776,0,/?,0,2.4558312,66.824877,0.3684188,n.a.,n.a.
2022-Apr-02,13:00,*m,0,45,52.3,4,55,24.2,106.83315,25.859328,-26.743,-10.589,0.999530491,0.1919507,0,/?,0,2.4544084,66.898223,0.3651938,n.a.,n.a.
2022-Apr-03,13:00,*m,0,49,31.27,5,18,26.3,106.577875,26.175185,-26.743,-10.589,0.999815623,0.1902618,0,/?,0,2.4529474,66.977865,0.3620466,n.a.,n.a.
2022-Apr-04,13:00,*m,0,53,10.37,5,41,22.8,106.321984,26.489001,-26.742,-10.589,1.000099569,0.1886835,0,/?,0,2.4514538,67.06379,0.3591168,n.a.,n.a.
2022-Apr-05,13:00,*m,0,56,49.63,6,4,13.3,106.065497,26.800649,-26.741,-10.589,1.000382402,0.187269,0,/?,0,2.4499337,67.15598,0.3565063,n.a.,n.a.
2022-Apr-06,13:00,*,1,0,29.06,6,26,57.4,105.808436,27.110003,-26.741,-10.589,1.000664223,0.1860555,0,/?,0,2.4483932,67.254412,0.3542866,n.a.,n.a.
2022-Apr-07,13:00,*,1,4,8.68,6,49,34.7,105.550823,27.416937,-26.74,-10.589,1.00094515,0.1850692,0,/?,0,2.4468381,67.359062,0.3525074,n.a.,n.a.
2022-Apr-08,13:00,*,1,7,48.5,7,12,5,105.292683,27.721328,-26.739,-10.589,1.001225315,0.1843294,0,/?,0,2.4452737,67.469904,0.3512061,n.a.,n.a.
2022-Apr-09,13:00,*,1,11,28.54,7,34,27.8,105.034039,28.02305,-26.739,-10.589,1.00150486,0.1838521,0,/?,0,2.4437057,67.586913,0.3504133,n.a.,n.a.
2022-Apr-10,13:00,*,1,15,8.83,7,56,42.8,104.774917,28.321982,-26.738,-10.589,1.001783935,0.1836517,0,/?,0,2.4421395,67.710059,0.3501561,n.a.,n.a.
2022-Apr-11,13:00,*,1,18,49.36,8,18,49.6,104.515343,28.618,-26.738,-10.589,1.0020627,0.1837393,0,/?,0,2.4405813,67.839315,0.3504561,n.a.,n.a.
2022-Apr-12,13:00,*,1,22,30.18,8,40,48,104.255344,28.910985,-26.737,-10.589,1.002341319,0.1841198,0,/?,0,2.4390381,67.974646,0.3513221,n.a.,n.a.
2022-Apr-13,13:00,*,1,26,11.28,9,2,37.6,103.994945,29.200816,-26.736,-10.589,1.002619955,0.1847851,0,/?,0,2.4375178,68.116019,0.3527377,n.a.,n.a.
2022-Apr-14,13:00,*,1,29,52.69,9,24,18,103.734174,29.487374,-26.736,-10.589,1.002898763,0.1857052,0,/?,0,2.4360292,68.263394,0.3546439,n.a.,n.a.
2022-Apr-15,13:00,*,1,33,34.43,9,45,49,103.473054,29.770544,-26.735,-10.589,1.003177871,0.1868192,0,/?,0,2.4345813,68.416728,0.3569217,n.a.,n.a.
2022-Apr-16,13:00,*,1,37,16.52,10,7,10.3,103.21161,30.050209,-26.735,-10.589,1.003457361,0.1880291,0,/?,0,2.4331823,68.575978,0.3593796,n.a.,n.a.
2022-Apr-17,13:00,*,1,40,58.97,10,28,21.5,102.949867,30.326257,-26.734,-10.589,1.003737249,0.1892003,0,/?,0,2.4318383,68.7411,0.3617551,n.a.,n.a.
2022-Apr-18,13:00,*,1,44,41.81,10,49,22.3,102.687851,30.598576,-26.733,-10.589,1.004017466,0.1901713,0,/?,0,2.4305518,68.912054,0.3637345,n.a.,n.a.
2022-Apr-19,13:00,*,1,48,25.05,11,10,12.5,102.425593,30.867056,-26.733,-10.589,1.004297844,0.1907734,0,/?,0,2.4293208,69.08881,0.3649895,n.a.,n.a.
2022-Apr-20,13:00,*,1,52,8.72,11,30,51.7,102.163132,31.13159,-26.732,-10.589,1.004578125,0.1908529,0,/?,0,2.4281388,69.271345,0.3652221,n.a.,n.a.
2022-Apr-21,13:00,*m,1,55,52.82,11,51,19.7,101.900515,31.392073,-26.732,-10.589,1.004857968,0.1902907,0,/?,0,2.4269958,69.45965,0.3642019,n.a.,n.a.
2022-Apr-22,13:00,*m,1,59,37.38,12,11,36.1,101.6378,31.648402,-26.731,-10.589,1.00513698,0.1890135,0,/?,0,2.42588,69.653725,0.3617878,n.a.,n.a.
2022-Apr-23,13:00,*m,2,3,22.4,12,31,40.5,101.375055,31.900478,-26.73,-10.589,1.005414737,0.1869953,0,/?,0,2.4247788,69.853574,0.3579303,n.a.,n.a.
2022-Apr-24,13:00,*m,2,7,7.9,12,51,32.8,101.112357,32.148207,-26.73,-10.589,1.005690815,0.1842516,0,/?,0,2.4236804,70.059203,0.3526611,n.a.,n.a.
2022-Apr-25,13:00,*m,2,10,53.9,13,11,12.4,100.849791,32.3915,-26.729,-10.589,1.005964807,0.1808312,0,/?,0,2.4225744,70.270618,0.3460756,n.a.,n.a.
2022-Apr-26,13:00,*m,2,14,40.39,13,30,39.2,100.587449,32.630274,-26.729,-10.589,1.006236344,0.1768067,0,/?,0,2.4214524,70.487818,0.3383161,n.a.,n.a.
2022-Apr-27,13:00,*m,2,18,27.4,13,49,52.7,100.325432,32.864452,-26.728,-10.589,1.006505103,0.1722676,0,/?,0,2.420308,70.710797,0.3295563,n.a.,n.a.
2022-Apr-28,13:00,*m,2,22,14.91,14,8,52.7,100.063844,33.093959,-26.727,-10.589,1.006770817,0.1673126,0,/?,0,2.4191369,70.93954,0.3199883,n.a.,n.a.
2022-Apr-29,13:00,*m,2,26,2.95,14,27,38.6,99.802798,33.318728,-26.727,-10.589,1.007033276,0.1620443,0,/?,0,2.4179367,71.174024,0.3098112,n.a.,n.a.
2022-Apr-30,13:00,*m,2,29,51.51,14,46,10.3,99.542408,33.538694,-26.726,-10.589,1.007292331,0.1565634,0,/?,0,2.416707,71.414215,0.2992205,n.a.,n.a.
2022-May-01,13:00,*m,2,33,40.6,15,4,27.4,99.282797,33.753797,-26.726,-10.589,1.00754789,0.1509644,0,/?,0,2.4154489,71.660074,0.2883988,n.a.,n.a.
2022-May-02,13:00,*m,2,37,30.23,15,22,29.5,99.024087,33.963978,-26.725,-10.589,1.007799912,0.1453315,0,/?,0,2.4141652,71.911551,0.2775094,n.a.,n.a.
2022-May-03,13:00,*m,2,41,20.4,15,40,16.3,98.766407,34.169183,-26.725,-10.589,1.008048401,0.1397372,0,/?,0,2.4128591,72.168592,0.2666927,n.a.,n.a.
2022-May-04,13:00,*m,2,45,11.1,15,57,47.4,98.509887,34.369359,-26.724,-10.589,1.008293401,0.1342419,0,/?,0,2.411535,72.431137,0.2560657,n.a.,n.a.
2022-May-05,13:00,*m,2,49,2.35,16,15,2.6,98.254661,34.564459,-26.724,-10.589,1.008534988,0.1288958,0,/?,0,2.4101971,72.699122,0.2457255,n.a.,n.a.
2022-May-06,13:00,*,2,52,54.15,16,32,1.5,98.000864,34.754434,-26.723,-10.589,1.008773265,0.1237413,0,/?,0,2.40885,72.972481,0.2357542,n.a.,n.a.
2022-May-07,13:00,*,2,56,46.49,16,48,43.8,97.748633,34.939242,-26.723,-10.589,1.009008357,0.1188158,0,/?,0,2.4074985,73.251143,0.2262246,n.a.,n.a.
2022-May-08,13:00,*,3,0,39.39,17,5,9.1,97.498106,35.118841,-26.722,-10.589,1.009240411,0.1141545,0,/?,0,2.4061472,73.535037,0.2172052,n.a.,n.a.
2022-May-09,13:00,*,3,4,32.83,17,21,17.3,97.249423,35.293194,-26.722,-10.589,1.009469594,0.1097912,0,/?,0,2.4048018,73.824087,0.2087617,n.a.,n.a.
2022-May-10,13:00,*,3,8,26.83,17,37,7.9,97.002722,35.462265,-26.721,-10.589,1.009696092,0.1057574,0,/?,0,2.4034683,74.118214,0.2009557,n.a.,n.a.
2022-May-11,13:00,*,3,12,21.39,17,52,40.7,96.758143,35.626021,-26.721,-10.589,1.009920109,0.1020781,0,/?,0,2.4021543,74.417333,0.1938362,n.a.,n.a.
2022-May-12,13:00,*,3,16,16.5,18,7,55.5,96.515825,35.784434,-26.72,-10.589,1.010141859,0.0987639,0,/?,0,2.4008687,74.721357,0.1874237,n.a.,n.a.
2022-May-13,13:00,*,3,20,12.17,18,22,51.9,96.275902,35.937475,-26.72,-10.589,1.010361555,0.0957995,0,/?,0,2.3996218,75.030193,0.1816883,n.a.,n.a.
2022-May-14,13:00,*,3,24,8.39,18,37,29.6,96.038506,36.08512,-26.719,-10.589,1.010579393,0.0931309,0,/?,0,2.3984246,75.343747,0.1765244,n.a.,n.a.
2022-May-15,13:00,*,3,28,5.18,18,51,48.5,95.803767,36.227346,-26.719,-10.589,1.010795521,0.0906559,0,/?,0,2.3972875,75.661924,0.1717319,n.a.,n.a.
2022-May-16,13:00,*,3,32,2.53,19,5,48.2,95.57181,36.364133,-26.718,-10.589,1.011010018,0.0882236,0,/?,0,2.3962185,75.984634,0.1670158,n.a.,n.a.
2022-May-17,13:00,*,3,36,0.44,19,19,28.6,95.342762,36.495463,-26.718,-10.589,1.011222862,0.0856489,0,/?,0,2.3952209,76.311795,0.1620141,n.a.,n.a.
2022-May-18,13:00,*,3,39,58.91,19,32,49.3,95.116752,36.621319,-26.717,-10.589,1.011433921,0.0827389,0,/?,0,2.3942925,76.643337,0.1563494,n.a.,n.a.
2022-May-19,13:00,*,3,43,57.96,19,45,50.1,94.893918,36.74169,-26.717,-10.589,1.011642959,0.0793236,0,/?,0,2.3934259,76.9792,0.1496897,n.a.,n.a.
2022-May-20,13:00,*m,3,47,57.56,19,58,30.9,94.6744,36.856564,-26.717,-10.589,1.011849653,0.07528,0,/?,0,2.3926097,77.319333,0.1417949,n.a.,n.a.
2022-May-21,13:00,*m,3,51,57.72,20,10,51.2,94.458349,36.96594,-26.716,-10.589,1.012053625,0.0705418,0,/?,0,2.3918312,77.663683,0.132536,n.a.,n.a.
2022-May-22,13:00,*m,3,55,58.44,20,22,51,94.245919,37.069817,-26.716,-10.589,1.012254477,0.0650955,0,/?,0,2.3910772,78.012197,0.121887,n.a.,n.a.
2022-May-23,13:00,*m,3,59,59.7,20,34,29.9,94.037267,37.168207,-26.715,-10.589,1.012451813,0.0589685,0,/?,0,2.3903366,78.364813,0.1099024,n.a.,n.a.
2022-May-24,13:00,*m,4,4,1.49,20,45,47.7,93.832555,37.261125,-26.715,-10.589,1.012645264,0.0522161,0,/?,0,2.3895999,78.721458,0.09669,n.a.,n.a.
2022-May-25,13:00,*m,4,8,3.81,20,56,44.2,93.631945,37.348595,-26.714,-10.589,1.012834496,0.0449095,0,/?,0,2.3888597,79.082048,0.0823894,n.a.,n.a.
2022-May-26,13:00,*m,4,12,6.64,21,7,19,93.435601,37.430645,-26.714,-10.589,1.013019221,0.0371288,0,/?,0,2.3881106,79.44649,0.067157,n.a.,n.a.
2022-May-27,13:00,*m,4,16,9.97,21,17,32,93.243687,37.50731,-26.714,-10.589,1.013199198,0.0289578,0,/?,0,2.3873486,79.81468,0.0511563,n.a.,n.a.
2022-May-28,13:00,*m,4,20,13.77,21,27,23,93.056366,37.578629,-26.713,-10.589,1.013374234,0.0204811,0,/?,0,2.3865712,80.186506,0.0345526,n.a.,n.a.
2022-May-29,13:00,*m,4,24,18.05,21,36,51.6,92.873802,37.644646,-26.713,-10.589,1.013544186,0.0117824,0,/?,0,2.3857772,80.561846,0.0175089,n.a.,n.a.
2022-May-30,13:00,*m,4,28,22.76,21,45,57.8,92.696154,37.705409,-26.713,-10.589,1.013708957,0.0029425,0,/?,0,2.3849665,80.940573,0.0001831,n.a.,n.a.
2022-May-31,13:00,*m,4,32,27.91,21,54,41.2,92.523582,37.760966,-26.712,-10.589,1.013868499,-0.0059619,0,/?,0,2.38414,81.322551,-0.017276,n.a.,n.a.
2022-Jun-01,13:00,*m,4,36,33.46,22,3,1.7,92.356243,37.811372,-26.712,-10.589,1.014022802,-0.0148596,0,/?,0,2.3832994,81.707641,-0.034728,n.a.,n.a.
2022-Jun-02,13:00,*m,4,40,39.41,22,10,59.1,92.194288,37.856682,-26.712,-10.589,1.0141719,-0.0236851,0,/?,0,2.3824469,82.095697,-0.052046,n.a.,n.a.
2022-Jun-03,13:00,*m,4,44,45.72,22,18,33.3,92.037868,37.896953,-26.711,-10.589,1.01431586,-0.0323783,0,/?,0,2.3815856,82.486571,-0.069112,n.a.,n.a.
2022-Jun-04,13:00,*,4,48,52.39,22,25,43.9,91.887127,37.932245,-26.711,-10.589,1.014454784,-0.0408834,0,/?,0,2.3807187,82.880112,-0.085818,n.a.,n.a.
2022-Jun-05,13:00,*,4,52,59.39,22,32,31,91.742205,37.962618,-26.711,-10.589,1.014588805,-0.0491472,0,/?,0,2.3798499,83.276166,-0.102057,n.a.,n.a.
2022-Jun-06,13:00,*,4,57,6.69,22,38,54.3,91.603238,37.988136,-26.71,-10.589,1.014718087,-0.0571177,0,/?,0,2.3789836,83.674576,-0.117729,n.a.,n.a.
2022-Jun-07,13:00,*,5,1,14.28,22,44,53.7,91.470353,38.00886,-26.71,-10.589,1.014842823,-0.0647434,0,/?,0,2.3781248,84.075182,-0.132731,n.a.,n.a.
2022-Jun-08,13:00,*,5,5,22.14,22,50,29.1,91.343674,38.024856,-26.71,-10.589,1.014963236,-0.0719749,0,/?,0,2.3772798,84.477822,-0.146966,n.a.,n.a.
2022-Jun-09,13:00,*,5,9,30.25,22,55,40.4,91.223315,38.036189,-26.71,-10.589,1.015079574,-0.0787698,0,/?,0,2.3764565,84.882331,-0.160348,n.a.,n.a.
2022-Jun-10,13:00,*,5,13,38.58,23,0,27.4,91.109382,38.042921,-26.709,-10.589,1.015192109,-0.0851018,0,/?,0,2.3756645,85.288543,-0.172826,n.a.,n.a.
2022-Jun-11,13:00,*,5,17,47.12,23,4,50.1,91.001972,38.045119,-26.709,-10.589,1.015301117,-0.0909745,0,/?,0,2.3749155,85.696291,-0.184404,n.a.,n.a.
2022-Jun-12,13:00,*,5,21,55.85,23,8,48.4,90.901172,38.042843,-26.709,-10.589,1.01540686,-0.0964368,0,/?,0,2.3742221,86.105412,-0.195176,n.a.,n.a.
2022-Jun-13,13:00,*,5,26,4.74,23,12,22.3,90.807059,38.036156,-26.709,-10.589,1.015509558,-0.1015944,0,/?,0,2.373596,86.515751,-0.205348,n.a.,n.a.
2022-Jun-14,13:00,*,5,30,13.79,23,15,31.6,90.719703,38.025118,-26.708,-10.589,1.015609349,-0.1066094,0,/?,0,2.3730465,86.927164,-0.215236,n.a.,n.a.
2022-Jun-15,13:00,*,5,34,22.97,23,18,16.3,90.639169,38.009786,-26.708,-10.589,1.01570627,-0.1116819,0,/?,0,2.3725773,87.33952,-0.225234,n.a.,n.a.
2022-Jun-16,13:00,*,5,38,32.28,23,20,36.5,90.565521,37.990216,-26.708,-10.589,1.015800234,-0.1170181,0,/?,0,2.3721863,87.752703,-0.235746,n.a.,n.a.
2022-Jun-17,13:00,*,5,42,41.68,23,22,31.9,90.498825,37.966464,-26.708,-10.589,1.015891047,-0.1227938,0,/?,0,2.3718652,88.166606,-0.247118,n.a.,n.a.
2022-Jun-18,13:00,*m,5,46,51.17,23,24,2.7,90.439144,37.93859,-26.708,-10.589,1.015978423,-0.1291306,0,/?,0,2.3716022,88.581122,-0.259589,n.a.,n.a.
2022-Jun-19,13:00,*m,5,51,0.71,23,25,8.7,90.386543,37.906655,-26.708,-10.589,1.016062029,-0.1360887,0,/?,0,2.371384,88.996141,-0.273279,n.a.,n.a.
2022-Jun-20,13:00,*m,5,55,10.3,23,25,50,90.341083,37.870725,-26.707,-10.589,1.016141508,-0.1436754,0,/?,0,2.3711981,89.411546,-0.288204,n.a.,n.a.
2022-Jun-21,13:00,*m,5,59,19.91,23,26,6.5,90.302824,37.830874,-26.707,-10.589,1.016216515,-0.15186,0,/?,0,2.3710336,89.827205,-0.304303,n.a.,n.a.
2022-Jun-22,13:00,*m,6,3,29.51,23,25,58.3,90.271822,37.787176,-26.707,-10.589,1.016286725,-0.1605898,0,/?,0,2.3708819,90.242981,-0.321474,n.a.,n.a.
2022-Jun-23,13:00,*m,6,7,39.07,23,25,25.2,90.24813,37.739712,-26.707,-10.589,1.01635185,-0.1698006,0,/?,0,2.3707361,90.658726,-0.339592,n.a.,n.a.
2022-Jun-24,13:00,*m,6,11,48.58,23,24,27.4,90.231794,37.688562,-26.707,-10.589,1.016411641,-0.1794241,0,/?,0,2.370591,91.074287,-0.358523,n.a.,n.a.
2022-Jun-25,13:00,*m,6,15,58,23,23,4.8,90.222858,37.633811,-26.707,-10.589,1.016465886,-0.189391,0,/?,0,2.3704429,91.489505,-0.378133,n.a.,n.a.
2022-Jun-26,13:00,*m,6,20,7.32,23,21,17.6,90.221362,37.575544,-26.707,-10.589,1.016514414,-0.1996314,0,/?,0,2.3702886,91.904218,-0.398283,n.a.,n.a.
2022-Jun-27,13:00,*m,6,24,16.49,23,19,5.7,90.227341,37.513847,-26.706,-10.589,1.016557096,-0.2100756,0,/?,0,2.3701261,92.318262,-0.41884,n.a.,n.a.
2022-Jun-28,13:00,*m,6,28,25.51,23,16,29.1,90.240824,37.448806,-26.706,-10.589,1.016593841,-0.2206534,0,/?,0,2.369954,92.731468,-0.439664,n.a.,n.a.
2022-Jun-29,13:00,*m,6,32,34.33,23,13,28,90.261837,37.380506,-26.706,-10.589,1.016624598,-0.2312942,0,/?,0,2.3697715,93.143669,-0.460618,n.a.,n.a.
2022-Jun-30,13:00,*m,6,36,42.94,23,10,2.5,90.2904,37.309033,-26.706,-10.589,1.016649358,-0.2419274,0,/?,0,2.3695787,93.554694,-0.481563,n.a.,n.a.
2022-Jul-01,13:00,*m,6,40,51.31,23,6,12.6,90.326529,37.234472,-26.706,-10.589,1.016668153,-0.2524831,0,/?,0,2.3693764,93.964374,-0.502364,n.a.,n.a.
2022-Jul-02,13:00,*m,6,44,59.41,23,1,58.4,90.370234,37.156905,-26.706,-10.589,1.016681052,-0.2628922,0,/?,0,2.3691661,94.37254,-0.522883,n.a.,n.a.
2022-Jul-03,13:00,*,6,49,7.22,22,57,20.1,90.421519,37.076414,-26.706,-10.589,1.016688167,-0.2730864,0,/?,0,2.36895,94.779023,-0.542987,n.a.,n.a.
2022-Jul-04,13:00,*,6,53,14.71,22,52,17.7,90.480382,36.993078,-26.706,-10.589,1.016689647,-0.2829978,0,/?,0,2.3687309,95.183658,-0.562541,n.a.,n.a.
2022-Jul-05,13:00,*,6,57,21.87,22,46,51.4,90.546817,36.906975,-26.706,-10.589,1.016685679,-0.2925591,0,/?,0,2.3685127,95.58628,-0.581412,n.a.,n.a.
2022-Jul-06,13:00,*,7,1,28.67,22,41,1.4,90.620808,36.818179,-26.706,-10.589,1.016676491,-0.3017032,0,/?,0,2.3683004,95.986727,-0.599468,n.a.,n.a.
2022-Jul-07,13:00,*,7,5,35.09,22,34,47.7,90.702335,36.726763,-26.706,-10.589,1.016662347,-0.3103665,0,/?,0,2.3681005,96.384842,-0.61658,n.a.,n.a.
2022-Jul-08,13:00,*,7,9,41.12,22,28,10.7,90.791369,36.632795,-26.706,-10.589,1.016643545,-0.3184943,0,/?,0,2.3679212,96.780468,-0.632638,n.a.,n.a.
2022-Jul-09,13:00,*,7,13,46.72,22,21,10.3,90.887872,36.536339,-26.706,-10.589,1.01662041,-0.3260513,0,/?,0,2.367773,97.173458,-0.64757,n.a.,n.a.
2022-Jul-10,13:00,*,7,17,51.89,22,13,46.9,90.991799,36.437455,-26.706,-10.589,1.016593278,-0.3330361,0,/?,0,2.3676683,97.563671,-0.661368,n.a.,n.a.
2022-Jul-11,13:00,*,7,21,56.62,22,6,0.6,91.103096,36.3362,-26.706,-10.589,1.016562473,-0.3394972,0,/?,0,2.3676205,97.950979,-0.674124,n.a.,n.a.
2022-Jul-12,13:00,*,7,26,0.89,21,57,51.5,91.221701,36.23262,-26.707,-10.589,1.016528271,-0.3455432,0,/?,0,2.3676421,98.335269,-0.686045,n.a.,n.a.
2022-Jul-13,13:00,*,7,30,4.69,21,49,20,91.347549,36.126761,-26.707,-10.589,1.016490871,-0.3513404,0,/?,0,2.3677425,98.716445,-0.697457,n.a.,n.a.
2022-Jul-14,13:00,*,7,34,8.01,21,40,26,91.480573,36.018658,-26.707,-10.589,1.01645036,-0.3570912,0,/?,0,2.3679255,99.094428,-0.708755,n.a.,n.a.
2022-Jul-15,13:00,*,7,38,10.85,21,31,10,91.620706,35.908345,-26.707,-10.589,1.016406709,-0.363,0,/?,0,2.3681887,99.469149,-0.720341,n.a.,n.a.
2022-Jul-16,13:00,*,7,42,13.19,21,21,31.9,91.767882,35.795854,-26.707,-10.589,1.016359777,-0.3692381,0,/?,0,2.3685239,99.840543,-0.732554,n.a.,n.a.
2022-Jul-17,13:00,*m,7,46,15.03,21,11,32.2,91.922034,35.681217,-26.707,-10.589,1.01630934,-0.3759226,0,/?,0,2.3689197,100.20854,-0.745627,n.a.,n.a.
2022-Jul-18,13:00,*m,7,50,16.37,21,1,10.9,92.083095,35.564469,-26.707,-10.589,1.016255121,-0.3831118,0,/?,0,2.3693634,100.57308,-0.759679,n.a.,n.a.
2022-Jul-19,13:00,*m,7,54,17.19,20,50,28.2,92.250994,35.445649,-26.707,-10.589,1.016196827,-0.3908152,0,/?,0,2.3698431,100.93406,-0.774729,n.a.,n.a.
2022-Jul-20,13:00,*m,7,58,17.47,20,39,24.4,92.425659,35.324795,-26.707,-10.589,1.016134167,-0.3990092,0,/?,0,2.3703488,101.2914,-0.790736,n.a.,n.a.
2022-Jul-21,13:00,*m,8,2,17.22,20,27,59.8,92.607017,35.201953,-26.708,-10.589,1.016066871,-0.4076511,0,/?,0,2.3708722,101.64501,-0.807616,n.a.,n.a.
2022-Jul-22,13:00,*m,8,6,16.43,20,16,14.5,92.79499,35.077165,-26.708,-10.589,1.015994694,-0.4166899,0,/?,0,2.3714067,101.99479,-0.825272,n.a.,n.a.
2022-Jul-23,13:00,*m,8,10,15.07,20,4,8.8,92.989501,34.950476,-26.708,-10.589,1.015917425,-0.4260716,0,/?,0,2.3719472,102.34062,-0.843598,n.a.,n.a.
2022-Jul-24,13:00,*m,8,14,13.15,19,51,43,93.190468,34.821932,-26.708,-10.589,1.015834879,-0.4357418,0,/?,0,2.3724893,102.68243,-0.86249,n.a.,n.a.
2022-Jul-25,13:00,*m,8,18,10.65,19,38,57.2,93.39781,34.691578,-26.708,-10.589,1.015746908,-0.4456453,0,/?,0,2.3730292,103.02009,-0.88184,n.a.,n.a.
2022-Jul-26,13:00,*m,8,22,7.58,19,25,51.8,93.611441,34.559457,-26.708,-10.589,1.01565339,-0.4557247,0,/?,0,2.3735639,103.35352,-0.901538,n.a.,n.a.
2022-Jul-27,13:00,*m,8,26,3.91,19,12,27.1,93.831275,34.425612,-26.709,-10.589,1.015554242,-0.4659195,0,/?,0,2.3740904,103.68261,-0.921465,n.a.,n.a.
2022-Jul-28,13:00,*m,8,29,59.64,18,58,43.2,94.057223,34.290086,-26.709,-10.589,1.015449414,-0.4761643,0,/?,0,2.3746067,104.00727,-0.941494,n.a.,n.a.
2022-Jul-29,13:00,*m,8,33,54.77,18,44,40.6,94.289194,34.152921,-26.709,-10.589,1.015338895,-0.4863886,0,/?,0,2.375111,104.3274,-0.961488,n.a.,n.a.
2022-Jul-30,13:00,*m,8,37,49.29,18,30,19.5,94.527095,34.014154,-26.709,-10.589,1.015222718,-0.4965173,0,/?,0,2.3756027,104.64289,-0.981301,n.a.,n.a.
2022-Jul-31,13:00,*m,8,41,43.2,18,15,40.1,94.770831,33.873824,-26.71,-10.589,1.015100957,-0.5064713,0,/?,0,2.3760817,104.95366,-1.000777,n.a.,n.a.
2022-Aug-01,13:00,*,8,45,36.49,18,0,42.9,95.020305,33.731967,-26.71,-10.589,1.014973735,-0.5161687,0,/?,0,2.3765492,105.25961,-1.019756,n.a.,n.a.
2022-Aug-02,13:00,*,8,49,29.15,17,45,28,95.275415,33.588614,-26.71,-10.589,1.01484122,-0.5255266,0,/?,0,2.3770077,105.56066,-1.038075,n.a.,n.a.
2022-Aug-03,13:00,*,8,53,21.2,17,29,55.8,95.536058,33.443796,-26.71,-10.589,1.01470363,-0.5344619,0,/?,0,2.3774607,105.85672,-1.055569,n.a.,n.a.
2022-Aug-04,13:00,*,8,57,12.62,17,14,6.6,95.802124,33.29754,-26.711,-10.589,1.014561229,-0.5428946,0,/?,0,2.3779135,106.14771,-1.072079,n.a.,n.a.
2022-Aug-05,13:00,*,9,1,3.42,16,58,0.8,96.073503,33.149871,-26.711,-10.589,1.014414324,-0.5507511,0,/?,0,2.378373,106.43356,-1.087457,n.a.,n.a.
2022-Aug-06,13:00,*,9,4,53.6,16,41,38.6,96.350075,33.000807,-26.711,-10.589,1.014263264,-0.5579717,0,/?,0,2.3788484,106.71421,-1.101582,n.a.,n.a.
2022-Aug-07,13:00,*,9,8,43.16,16,25,0.3,96.63172,32.850365,-26.712,-10.589,1.014108421,-0.5645211,0,/?,0,2.3793506,106.98959,-1.114379,n.a.,n.a.
2022-Aug-08,13:00,*,9,12,32.12,16,8,6.3,96.918308,32.698554,-26.712,-10.589,1.013950181,-0.5704017,0,/?,0,2.3798925,107.25967,-1.125846,n.a.,n.a.
2022-Aug-09,13:00,*,9,16,20.47,15,50,56.8,97.20971,32.545379,-26.712,-10.589,1.013788912,-0.5756671,0,/?,0,2.3804874,107.52441,-1.136083,n.a.,n.a.
2022-Aug-10,13:00,*,9,20,8.23,15,33,32.2,97.505792,32.390838,-26.713,-10.589,1.013624935,-0.5804281,0,/?,0,2.3811473,107.7838,-1.145299,n.a.,n.a.
2022-Aug-11,13:00,*,9,23,55.41,15,15,52.7,97.806418,32.234921,-26.713,-10.589,1.013458492,-0.5848462,0,/?,0,2.3818809,108.03783,-1.153808,n.a.,n.a.
2022-Aug-12,13:00,*,9,27,42.03,14,57,58.7,98.111456,32.077617,-26.713,-10.589,1.01328972,-0.5891125,0,/?,0,2.3826914,108.28651,-1.161982,n.a.,n.a.
2022-Aug-13,13:00,*,9,31,28.09,14,39,50.4,98.420773,31.918907,-26.714,-10.589,1.013118646,-0.5934164,0,/?,0,2.3835767,108.52983,-1.170193,n.a.,n.a.
2022-Aug-14,13:00,*,9,35,13.6,14,21,28,98.73424,31.758775,-26.714,-10.589,1.012945195,-0.597917,0,/?,0,2.3845293,108.76781,-1.178757,n.a.,n.a.
2022-Aug-15,13:00,*m,9,38,58.59,14,2,52,99.051724,31.597206,-26.715,-10.589,1.012769211,-0.6027256,0,/?,0,2.3855392,109.00042,-1.187895,n.a.,n.a.
2022-Aug-16,13:00,*m,9,42,43.06,13,44,2.5,99.373093,31.434186,-26.715,-10.589,1.012590492,-0.6079033,0,/?,0,2.386595,109.22767,-1.197733,n.a.,n.a.
2022-Aug-17,13:00,*m,9,46,27.03,13,24,59.8,99.698216,31.269709,-26.715,-10.589,1.012408809,-0.6134696,0,/?,0,2.3876862,109.44952,-1.208314,n.a.,n.a.
2022-Aug-18,13:00,*m,9,50,10.5,13,5,44.4,100.026959,31.103769,-26.716,-10.589,1.012223934,-0.6194154,0,/?,0,2.3888032,109.66594,-1.219623,n.a.,n.a.
2022-Aug-19,13:00,*m,9,53,53.49,12,46,16.4,100.359189,30.936364,-26.716,-10.589,1.012035647,-0.6257147,0,/?,0,2.3899384,109.8769,-1.231613,n.a.,n.a.
2022-Aug-20,13:00,*m,9,57,36.01,12,26,36.2,100.694773,30.767495,-26.717,-10.589,1.011843746,-0.6323339,0,/?,0,2.3910853,110.08236,-1.244221,n.a.,n.a.
2022-Aug-21,13:00,*m,10,1,18.07,12,6,44.1,101.033576,30.597164,-26.717,-10.589,1.011648051,-0.6392367,0,/?,0,2.3922383,110.28228,-1.257378,n.a.,n.a.
2022-Aug-22,13:00,*m,10,4,59.68,11,46,40.3,101.375465,30.425373,-26.717,-10.589,1.0114484,-0.6463855,0,/?,0,2.3933926,110.47662,-1.271014,n.a.,n.a.
2022-Aug-23,13:00,*m,10,8,40.85,11,26,25.3,101.720305,30.252127,-26.718,-10.589,1.011244655,-0.6537407,0,/?,0,2.3945436,110.66535,-1.285052,n.a.,n.a.
2022-Aug-24,13:00,*m,10,12,21.6,11,5,59.4,102.067963,30.077431,-26.718,-10.589,1.011036701,-0.661259,0,/?,0,2.395687,110.84842,-1.299412,n.a.,n.a.
2022-Aug-25,13:00,*m,10,16,1.93,10,45,22.9,102.418303,29.901291,-26.719,-10.589,1.010824452,-0.6688901,0,/?,0,2.3968183,111.02579,-1.313996,n.a.,n.a.
2022-Aug-26,13:00,*m,10,19,41.86,10,24,36,102.771192,29.723714,-26.719,-10.589,1.010607849,-0.6765745,0,/?,0,2.3979338,111.19742,-1.328691,n.a.,n.a.
2022-Aug-27,13:00,*m,10,23,21.39,10,3,39.2,103.126495,29.544709,-26.72,-10.589,1.010386873,-0.6842419,0,/?,0,2.39903,111.36326,-1.343363,n.a.,n.a.
2022-Aug-28,13:00,*m,10,27,0.54,9,42,32.9,103.48408,29.364283,-26.72,-10.589,1.01016155,-0.6918106,0,/?,0,2.4001043,111.52328,-1.357852,n.a.,n.a.
2022-Aug-29,13:00,*m,10,30,39.33,9,21,17.2,103.84381,29.182444,-26.721,-10.589,1.009931954,-0.6991893,0,/?,0,2.4011556,111.67742,-1.371983,n.a.,n.a.
2022-Aug-30,13:00,*,10,34,17.76,8,59,52.6,104.205552,28.999202,-26.721,-10.589,1.009698214,-0.7062795,0,/?,0,2.4021838,111.82564,-1.385563,n.a.,n.a.
2022-Aug-31,13:00,*,10,37,55.84,8,38,19.5,104.569169,28.814564,-26.722,-10.589,1.009460517,-0.7129801,0,/?,0,2.4031912,111.96792,-1.398395,n.a.,n.a.
2022-Sep-01,13:00,*,10,41,33.6,8,16,38.1,104.934523,28.628536,-26.722,-10.589,1.009219108,-0.7191918,0,/?,0,2.4041817,112.10422,-1.410283,n.a.,n.a.
2022-Sep-02,13:00,*,10,45,11.04,7,54,48.9,105.301475,28.441126,-26.723,-10.589,1.008974288,-0.7248231,0,/?,0,2.4051611,112.23451,-1.421045,n.a.,n.a.
2022-Sep-03,13:00,*,10,48,48.18,7,32,52.1,105.669882,28.252337,-26.723,-10.589,1.008726406,-0.729796,0,/?,0,2.4061375,112.35878,-1.430525,n.a.,n.a.
2022-Sep-04,13:00,*,10,52,25.04,7,10,48.2,106.039598,28.062171,-26.724,-10.589,1.008475852,-0.7340542,0,/?,0,2.407121,112.47702,-1.438607,n.a.,n.a.
2022-Sep-05,13:00,*,10,56,1.64,6,48,37.3,106.410475,27.870626,-26.724,-10.589,1.008223037,-0.7375721,0,/?,0,2.408123,112.58923,-1.445234,n.a.,n.a.
2022-Sep-06,13:00,*,10,59,37.99,6,26,20,106.782363,27.677698,-26.725,-10.589,1.007968378,-0.7403642,0,/?,0,2.4091562,112.69541,-1.450428,n.a.,n.a.
2022-Sep-07,13:00,*,11,3,14.11,6,3,56.4,107.155111,27.483376,-26.725,-10.589,1.007712271,-0.7424927,0,/?,0,2.410233,112.79559,-1.454302,n.a.,n.a.
2022-Sep-08,13:00,*,11,6,50.03,5,41,26.9,107.528566,27.287646,-26.726,-10.589,1.007455059,-0.7440674,0,/?,0,2.4113639,112.88977,-1.457064,n.a.,n.a.
2022-Sep-09,13:00,*,11,10,25.77,5,18,51.8,107.90258,27.090488,-26.727,-10.589,1.007197012,-0.7452374,0,/?,0,2.4125562,112.978,-1.459001,n.a.,n.a.
2022-Sep-10,13:00,*,11,14,1.36,4,56,11.3,108.277003,26.891881,-26.727,-10.589,1.006938307,-0.7461722,0,/?,0,2.4138128,113.06029,-1.460441,n.a.,n.a.
2022-Sep-11,13:00,*,11,17,36.8,4,33,25.8,108.651687,26.691802,-26.728,-10.589,1.006679022,-0.7470378,0,/?,0,2.4151318,113.13666,-1.461709,n.a.,n.a.
2022-Sep-12,13:00,*,11,21,12.14,4,10,35.6,109.026486,26.490232,-26.728,-10.589,1.006419144,-0.7479764,0,/?,0,2.4165074,113.20712,-1.463086,n.a.,n.a.
2022-Sep-13,13:00,*m,11,24,47.39,3,47,41,109.401256,26.287154,-26.729,-10.589,1.006158593,-0.7490932,0,/?,0,2.4179314,113.27167,-1.464781,n.a.,n.a.
2022-Sep-14,13:00,*m,11,28,22.58,3,24,42.2,109.775849,26.082557,-26.729,-10.589,1.005897234,-0.7504547,0,/?,0,2.4193944,113.33031,-1.46693,n.a.,n.a.
2022-Sep-15,13:00,*m,11,31,57.72,3,1,39.7,110.150123,25.876434,-26.73,-10.589,1.005634907,-0.7520941,0,/?,0,2.4208875,113.38301,-1.469602,n.a.,n.a.
2022-Sep-16,13:00,*m,11,35,32.84,2,38,33.6,110.523933,25.668784,-26.73,-10.589,1.00537144,-0.7540207,0,/?,0,2.4224021,113.42975,-1.472819,n.a.,n.a.
2022-Sep-17,13:00,*m,11,39,7.96,2,15,24.3,110.897137,25.45961,-26.731,-10.589,1.00510666,-0.756229,0,/?,0,2.4239313,113.47053,-1.476575,n.a.,n.a.
2022-Sep-18,13:00,*m,11,42,43.09,1,52,12.1,111.269593,25.248919,-26.732,-10.589,1.0048404,-0.7587058,0,/?,0,2.4254685,113.5053,-1.480849,n.a.,n.a.
2022-Sep-19,13:00,*m,11,46,18.26,1,28,57.5,111.641161,25.03672,-26.732,-10.589,1.0045725,-0.7614348,0,/?,0,2.4270081,113.53404,-1.48561,n.a.,n.a.
2022-Sep-20,13:00,*m,11,49,53.49,1,5,40.6,112.011703,24.823026,-26.733,-10.589,1.004302814,-0.7643978,0,/?,0,2.4285447,113.55673,-1.490828,n.a.,n.a.
2022-Sep-21,13:00,*m,11,53,28.8,0,42,21.9,112.381082,24.607856,-26.733,-10.589,1.004031203,-0.7675737,0,/?,0,2.4300729,113.57334,-1.496463,n.a.,n.a.
2022-Sep-22,13:00,*m,11,57,4.2,0,19,1.7,112.74916,24.391227,-26.734,-10.589,1.003757545,-0.7709358,0,/?,0,2.4315871,113.58384,-1.502468,n.a.,n.a.
2022-Sep-23,13:00,*m,12,0,39.71,0,4,19.7,113.115805,24.173163,-26.735,-10.589,1.003481735,-0.7744473,0,/?,0,2.4330814,113.5882,-1.508774,n.a.,n.a.
2022-Sep-24,13:00,*m,12,4,15.36,0,27,41.8,113.480886,23.953691,-26.735,-10.589,1.003203693,-0.778057,0,/?,0,2.4345501,113.58638,-1.515287,n.a.,n.a.
2022-Sep-25,13:00,*m,12,7,51.15,0,51,4.4,113.844271,23.732839,-26.736,-10.589,1.002923375,-0.7816957,0,/?,0,2.4359876,113.57834,-1.521874,n.a.,n.a.
2022-Sep-26,13:00,*m,12,11,27.11,-1,14,27.1,114.205834,23.51064,-26.736,-10.589,1.002640781,-0.7852743,0,/?,0,2.4373893,113.56405,-1.528367,n.a.,n.a.
2022-Sep-27,13:00,*m,12,15,3.25,-1,37,49.4,114.565448,23.287128,-26.737,-10.589,1.00235597,-0.788686,0,/?,0,2.4387525,113.54348,-1.534561,n.a.,n.a.
2022-Sep-28,13:00,*,12,18,39.59,-2,1,11.1,114.92299,23.062342,-26.738,-10.589,1.002069066,-0.7918113,0,/?,0,2.4400763,113.51661,-1.540225,n.a.,n.a.
2022-Sep-29,13:00,*,12,22,16.15,-2,24,31.7,115.278336,22.836321,-26.738,-10.589,1.001780264,-0.7945269,0,/?,0,2.4413628,113.4834,-1.545119,n.a.,n.a.
2022-Sep-30,13:00,*,12,25,52.94,-2,47,50.9,115.631362,22.609104,-26.739,-10.589,1.001489827,-0.7967153,0,/?,0,2.4426166,113.44386,-1.549014,n.a.,n.a.
2022-Oct-01,13:00,*,12,29,29.98,-3,11,8.2,115.981943,22.380732,-26.74,-10.589,1.001198086,-0.7982753,0,/?,0,2.4438451,113.39797,-1.551708,n.a.,n.a.
2022-Oct-02,13:00,*,12,33,7.29,-3,34,23.3,116.329952,22.151245,-26.74,-10.589,1.000905421,-0.7991302,0,/?,0,2.4450577,113.34575,-1.55305,n.a.,n.a.
2022-Oct-03,13:00,*,12,36,44.89,-3,57,35.9,116.675264,21.920682,-26.741,-10.589,1.000612248,-0.7992352,0,/?,0,2.4462654,113.2872,-1.552943,n.a.,n.a.
2022-Oct-04,13:00,*,12,40,22.8,-4,20,45.6,117.017749,21.689078,-26.741,-10.589,1.000319,-0.7985814,0,/?,0,2.4474801,113.22234,-1.551365,n.a.,n.a.
2022-Oct-05,13:00,*,12,44,1.05,-4,43,52,117.357283,21.456467,-26.742,-10.589,1.000026102,-0.7971998,0,/?,0,2.4487136,113.1512,-1.548368,n.a.,n.a.
2022-Oct-06,13:00,*,12,47,39.64,-5,6,54.8,117.693736,21.222877,-26.743,-10.589,0.999733953,-0.7951604,0,/?,0,2.4499768,113.0738,-1.544081,n.a.,n.a.
2022-Oct-07,13:00,*,12,51,18.61,-5,29,53.6,118.026985,20.988335,-26.743,-10.589,0.999442899,-0.7925685,0,/?,0,2.4512785,112.99016,-1.538702,n.a.,n.a.
2022-Oct-08,13:00,*,12,54,57.98,-5,52,48.2,118.356905,20.752866,-26.744,-10.589,0.999153218,-0.7895549,0,/?,0,2.4526245,112.90029,-1.532482,n.a.,n.a.
2022-Oct-09,13:00,*,12,58,37.77,-6,15,38.1,118.683376,20.516494,-26.745,-10.589,0.99886511,-0.7862626,0,/?,0,2.4540174,112.80421,-1.525695,n.a.,n.a.
2022-Oct-10,13:00,*,13,2,18,-6,38,23,119.006279,20.279243,-26.745,-10.589,0.998578689,-0.7828316,0,/?,0,2.4554561,112.70192,-1.518615,n.a.,n.a.
2022-Oct-11,13:00,*,13,5,58.71,-7,1,2.7,119.325495,20.041143,-26.746,-10.589,0.998293999,-0.779385,0,/?,0,2.4569366,112.59342,-1.51148,n.a.,n.a.
2022-Oct-12,13:00,*m,13,9,39.9,-7,23,36.7,119.640909,19.802227,-26.746,-10.589,0.998011014,-0.7760211,0,/?,0,2.458453,112.4787,-1.504486,n.a.,n.a.
2022-Oct-13,13:00,*m,13,13,21.61,-7,46,4.7,119.952407,19.562532,-26.747,-10.589,0.997729663,-0.7728109,0,/?,0,2.4599981,112.35776,-1.497774,n.a.,n.a.
2022-Oct-14,13:00,*m,13,17,3.85,-8,8,26.4,120.259877,19.322102,-26.748,-10.589,0.997449841,-0.7698011,0,/?,0,2.4615648,112.23056,-1.491438,n.a.,n.a.
2022-Oct-15,13:00,*m,13,20,46.64,-8,30,41.3,120.563209,19.080986,-26.748,-10.589,0.997171421,-0.7670191,0,/?,0,2.4631462,112.0971,-1.485536,n.a.,n.a.
2022-Oct-16,13:00,*m,13,24,30.01,-8,52,49.2,120.862296,18.839236,-26.749,-10.589,0.996894267,-0.7644801,0,/?,0,2.4647358,111.95735,-1.480101,n.a.,n.a.
2022-Oct-17,13:00,*m,13,28,13.96,-9,14,49.7,121.157033,18.596908,-26.749,-10.589,0.996618234,-0.7621922,0,/?,0,2.4663277,111.81129,-1.475151,n.a.,n.a.
2022-Oct-18,13:00,*m,13,31,58.53,-9,36,42.3,121.447318,18.354066,-26.75,-10.589,0.996343175,-0.7601601,0,/?,0,2.4679163,111.65892,-1.470698,n.a.,n.a.
2022-Oct-19,13:00,*m,13,35,43.72,-9,58,26.6,121.733053,18.110773,-26.751,-10.589,0.99606894,-0.7583866,0,/?,0,2.469496,111.5002,-1.466751,n.a.,n.a.
2022-Oct-20,13:00,*m,13,39,29.55,-10,20,2.4,122.014141,17.867099,-26.751,-10.589,0.995795382,-0.7568716,0,/?,0,2.4710607,111.33512,-1.463313,n.a.,n.a.
2022-Oct-21,13:00,*m,13,43,16.04,-10,41,29.2,122.29049,17.623116,-26.752,-10.589,0.995522351,-0.7556082,0,/?,0,2.472604,111.16367,-1.460373,n.a.,n.a.
2022-Oct-22,13:00,*m,13,47,3.2,-11,2,46.5,122.562011,17.378903,-26.752,-10.589,0.995249709,-0.7545773,0,/?,0,2.4741183,110.98581,-1.4579,n.a.,n.a.
2022-Oct-23,13:00,*m,13,50,51.05,-11,23,54,122.828617,17.134538,-26.753,-10.589,0.994977333,-0.7537402,0,/?,0,2.4755961,110.80155,-1.455823,n.a.,n.a.
2022-Oct-24,13:00,*m,13,54,39.59,-11,44,51.3,123.090229,16.890108,-26.754,-10.589,0.994705128,-0.7530315,0,/?,0,2.4770294,110.61084,-1.45402,n.a.,n.a.
2022-Oct-25,13:00,*m,13,58,28.84,-12,5,37.9,123.34677,16.645702,-26.754,-10.589,0.994433049,-0.7523557,0,/?,0,2.4784113,110.4137,-1.452311,n.a.,n.a.
2022-Oct-26,13:00,*m,14,2,18.8,-12,26,13.4,123.598168,16.401412,-26.755,-10.589,0.994161113,-0.7515882,0,/?,0,2.4797371,110.2101,-1.45046,n.a.,n.a.
2022-Oct-27,13:00,*,14,6,9.49,-12,46,37.3,123.844353,16.157335,-26.755,-10.589,0.993889418,-0.7505842,0,/?,0,2.4810051,110.00007,-1.448189,n.a.,n.a.
2022-Oct-28,13:00,*,14,10,0.92,-13,6,49.3,124.085258,15.913568,-26.756,-10.589,0.993618144,-0.7491939,0,/?,0,2.4822172,109.78362,-1.44521,n.a.,n.a.
2022-Oct-29,13:00,*,14,13,53.09,-13,26,49,124.320816,15.670212,-26.757,-10.589,0.99334756,-0.7472802,0,/?,0,2.4833795,109.5608,-1.441255,n.a.,n.a.
2022-Oct-30,13:00,*,14,17,46.01,-13,46,35.8,124.55096,15.427365,-26.757,-10.589,0.993078004,-0.7447339,0,/?,0,2.4845009,109.33164,-1.436109,n.a.,n.a.
2022-Oct-31,13:00,*,14,21,39.69,-14,6,9.3,124.775624,15.185126,-26.758,-10.589,0.992809867,-0.7414839,0,/?,0,2.4855925,109.09621,-1.429629,n.a.,n.a.
2022-Nov-01,13:00,*,14,25,34.13,-14,25,29.3,124.99474,14.94359,-26.758,-10.589,0.992543569,-0.7375008,0,/?,0,2.4866665,108.85455,-1.421752,n.a.,n.a.
2022-Nov-02,13:00,*,14,29,29.36,-14,44,35.1,125.208242,14.702848,-26.759,-10.589,0.992279539,-0.7327947,0,/?,0,2.4877345,108.60673,-1.412491,n.a.,n.a.
2022-Nov-03,13:00,*,14,33,25.37,-15,3,26.6,125.416066,14.462988,-26.76,-10.589,0.992018185,-0.7274112,0,/?,0,2.4888076,108.35281,-1.401927,n.a.,n.a.
2022-Nov-04,13:00,*,14,37,22.18,-15,22,3.2,125.618147,14.224095,-26.76,-10.589,0.991759884,-0.7214243,0,/?,0,2.4898949,108.09283,-1.390197,n.a.,n.a.
2022-Nov-05,13:00,*,14,41,19.79,-15,40,24.6,125.814427,13.986252,-26.761,-10.589,0.991504962,-0.7149306,0,/?,0,2.4910038,107.82685,-1.377483,n.a.,n.a.
2022-Nov-06,13:00,*,14,45,18.23,-15,58,30.4,126.004845,13.749538,-26.761,-10.589,0.991253686,-0.7080409,0,/?,0,2.492139,107.55492,-1.363995,n.a.,n.a.
2022-Nov-07,13:00,*,14,49,17.49,-16,16,20.2,126.189345,13.514035,-26.762,-10.589,0.991006258,-0.7008718,0,/?,0,2.4933029,107.27708,-1.349956,n.a.,n.a.
2022-Nov-08,13:00,*,14,53,17.58,-16,33,53.7,126.367873,13.279825,-26.762,-10.589,0.99076281,-0.693538,0,/?,0,2.4944955,106.99336,-1.335587,n.a.,n.a.
2022-Nov-09,13:00,*,14,57,18.51,-16,51,10.5,126.540378,13.046992,-26.763,-10.589,0.990523415,-0.686144,0,/?,0,2.4957147,106.70382,-1.321091,n.a.,n.a.
2022-Nov-10,13:00,*m,15,1,20.3,-17,8,10.1,126.706809,12.815623,-26.763,-10.589,0.990288086,-0.6787799,0,/?,0,2.4969567,106.40848,-1.306642,n.a.,n.a.
2022-Nov-11,13:00,*m,15,5,22.94,-17,24,52.3,126.86712,12.585809,-26.764,-10.589,0.990056791,-0.6715184,0,/?,0,2.4982169,106.10739,-1.292382,n.a.,n.a.
2022-Nov-12,13:00,*m,15,9,26.44,-17,41,16.6,127.021267,12.357643,-26.764,-10.589,0.989829462,-0.664416,0,/?,0,2.4994901,105.80059,-1.278424,n.a.,n.a.
2022-Nov-13,13:00,*m,15,13,30.79,-17,57,22.6,127.169208,12.131223,-26.765,-10.589,0.989606002,-0.6575156,0,/?,0,2.5007709,105.48811,-1.264851,n.a.,n.a.
2022-Nov-14,13:00,*m,15,17,36.02,-18,13,10,127.310907,11.906647,-26.765,-10.589,0.989386291,-0.6508505,0,/?,0,2.502054,105.17001,-1.251731,n.a.,n.a.
2022-Nov-15,13:00,*m,15,21,42.1,-18,28,38.3,127.446329,11.684021,-26.766,-10.589,0.989170193,-0.644448,0,/?,0,2.5033343,104.84634,-1.239118,n.a.,n.a.
2022-Nov-16,13:00,*m,15,25,49.04,-18,43,47.2,127.575443,11.463447,-26.766,-10.589,0.988957559,-0.6383329,0,/?,0,2.5046068,104.51714,-1.227061,n.a.,n.a.
2022-Nov-17,13:00,*m,15,29,56.85,-18,58,36.3,127.698224,11.245036,-26.767,-10.589,0.988748224,-0.6325287,0,/?,0,2.5058658,104.18247,-1.215609,n.a.,n.a.
2022-Nov-18,13:00,*m,15,34,5.5,-19,13,5.2,127.814649,11.028896,-26.767,-10.589,0.98854201,-0.6270565,0,/?,0,2.5071053,103.8424,-1.204804,n.a.,n.a.
2022-Nov-19,13:00,*m,15,38,15,-19,27,13.6,127.9247,10.815141,-26.768,-10.589,0.988338731,-0.6219312,0,/?,0,2.508318,103.49699,-1.194677,n.a.,n.a.
2022-Nov-20,13:00,*m,15,42,25.34,-19,41,0.9,128.028364,10.603885,-26.768,-10.589,0.988138194,-0.6171544,0,/?,0,2.5094954,103.1463,-1.185236,n.a.,n.a.
2022-Nov-21,13:00,*m,15,46,36.51,-19,54,26.9,128.125635,10.395248,-26.768,-10.589,0.987940212,-0.6127042,0,/?,0,2.5106281,102.79041,-1.17644,n.a.,n.a.
2022-Nov-22,13:00,*m,15,50,48.49,-20,7,31.2,128.216512,10.189349,-26.769,-10.589,0.98774462,-0.6085239,0,/?,0,2.5117057,102.4294,-1.168188,n.a.,n.a.
2022-Nov-23,13:00,*m,15,55,1.27,-20,20,13.4,128.301001,9.986311,-26.769,-10.589,0.9875513,-0.6045148,0,/?,0,2.5127191,102.06336,-1.160293,n.a.,n.a.
2022-Nov-24,13:00,*m,15,59,14.84,-20,32,33.1,128.379114,9.786262,-26.77,-10.589,0.987360199,-0.600536,0,/?,0,2.513661,101.6924,-1.152489,n.a.,n.a.
2022-Nov-25,13:00,*,16,3,29.18,-20,44,29.9,128.450867,9.589329,-26.77,-10.589,0.98717136,-0.596417,0,/?,0,2.5145286,101.31665,-1.144452,n.a.,n.a.
2022-Nov-26,13:00,*,16,7,44.26,-20,56,3.5,128.516279,9.395642,-26.771,-10.589,0.986984924,-0.5919805,0,/?,0,2.5153241,100.93627,-1.13584,n.a.,n.a.
2022-Nov-27,13:00,*,16,12,0.06,-21,7,13.5,128.575371,9.20533,-26.771,-10.589,0.986801132,-0.5870691,0,/?,0,2.5160546,100.55141,-1.126351,n.a.,n.a.
2022-Nov-28,13:00,*,16,16,16.58,-21,17,59.6,128.628161,9.018519,-26.771,-10.589,0.986620305,-0.5815663,0,/?,0,2.5167308,100.16225,-1.115755,n.a.,n.a.
2022-Nov-29,13:00,*,16,20,33.77,-21,28,21.5,128.674669,8.83533,-26.772,-10.589,0.986442816,-0.5754067,0,/?,0,2.5173654,99.76895,-1.103922,n.a.,n.a.
2022-Nov-30,13:00,*,16,24,51.64,-21,38,18.9,128.714916,8.655879,-26.772,-10.589,0.986269061,-0.5685742,0,/?,0,2.5179714,99.371693,-1.090816,n.a.,n.a.
2022-Dec-01,13:00,*,16,29,10.15,-21,47,51.5,128.748923,8.480274,-26.773,-10.589,0.986099434,-0.5610932,0,/?,0,2.5185603,98.970637,-1.076477,n.a.,n.a.
2022-Dec-02,13:00,*,16,33,29.28,-21,56,59,128.776713,8.308622,-26.773,-10.589,0.985934305,-0.5530172,0,/?,0,2.5191423,98.565943,-1.061002,n.a.,n.a.
2022-Dec-03,13:00,*,16,37,49.02,-22,5,41.2,128.798311,8.14102,-26.773,-10.589,0.985774009,-0.544419,0,/?,0,2.5197255,98.157768,-1.044527,n.a.,n.a.
2022-Dec-04,13:00,*,16,42,9.35,-22,13,57.7,128.813742,7.977566,-26.774,-10.589,0.985618833,-0.5353836,0,/?,0,2.5203159,97.746265,-1.027213,n.a.,n.a.
2022-Dec-05,13:00,*,16,46,30.24,-22,21,48.5,128.823036,7.818352,-26.774,-10.589,0.985469015,-0.5260022,0,/?,0,2.5209179,97.331586,-1.009231,n.a.,n.a.
2022-Dec-06,13:00,*,16,50,51.67,-22,29,13.2,128.826223,7.66347,-26.774,-10.589,0.985324738,-0.5163685,0,/?,0,2.5215341,96.913883,-0.99076,n.a.,n.a.
2022-Dec-07,13:00,*,16,55,13.63,-22,36,11.6,128.823334,7.513012,-26.775,-10.589,0.985186131,-0.5065749,0,/?,0,2.5221656,96.493307,-0.971976,n.a.,n.a.
2022-Dec-08,13:00,*,16,59,36.08,-22,42,43.5,128.814406,7.367066,-26.775,-10.589,0.985053272,-0.4967093,0,/?,0,2.522812,96.070009,-0.953048,n.a.,n.a.
2022-Dec-09,13:00,*m,17,3,59,-22,48,48.7,128.799474,7.225723,-26.775,-10.589,0.984926189,-0.4868524,0,/?,0,2.5234716,95.644141,-0.93413,n.a.,n.a.
2022-Dec-10,13:00,*m,17,8,22.38,-22,54,27,128.778577,7.089072,-26.775,-10.589,0.984804866,-0.4770761,0,/?,0,2.524142,95.215858,-0.915362,n.a.,n.a.
2022-Dec-11,13:00,*m,17,12,46.18,-22,59,38.3,128.751759,6.957204,-26.776,-10.589,0.98468925,-0.4674432,0,/?,0,2.52482,94.785316,-0.896865,n.a.,n.a.
2022-Dec-12,13:00,*m,17,17,10.37,-23,4,22.4,128.719063,6.830208,-26.776,-10.589,0.984579251,-0.4580079,0,/?,0,2.5255018,94.352674,-0.878743,n.a.,n.a.
2022-Dec-13,13:00,*m,17,21,34.94,-23,8,39,128.680539,6.708174,-26.776,-10.589,0.984474752,-0.4488182,0,/?,0,2.5261838,93.918094,-0.86109,n.a.,n.a.
2022-Dec-14,13:00,*m,17,25,59.85,-23,12,28.2,128.636237,6.591192,-26.776,-10.589,0.984375609,-0.4399179,0,/?,0,2.5268617,93.48174,-0.843991,n.a.,n.a.
2022-Dec-15,13:00,*m,17,30,25.06,-23,15,49.6,128.586214,6.479349,-26.777,-10.589,0.984281653,-0.4313492,0,/?,0,2.5275311,93.04378,-0.827528,n.a.,n.a.
2022-Dec-16,13:00,*m,17,34,50.56,-23,18,43.3,128.530526,6.372733,-26.777,-10.589,0.98419269,-0.4231538,0,/?,0,2.528187,92.604381,-0.811782,n.a.,n.a.
2022-Dec-17,13:00,*m,17,39,16.3,-23,21,9.1,128.469239,6.271433,-26.777,-10.589,0.984108503,-0.4153723,0,/?,0,2.5288234,92.163713,-0.796831,n.a.,n.a.
2022-Dec-18,13:00,*m,17,43,42.26,-23,23,6.8,128.402418,6.175533,-26.777,-10.589,0.984028852,-0.4080399,0,/?,0,2.5294329,91.721949,-0.782744,n.a.,n.a.
2022-Dec-19,13:00,*m,17,48,8.4,-23,24,36.5,128.330137,6.08512,-26.777,-10.589,0.98395348,-0.4011787,0,/?,0,2.5300062,91.279261,-0.769567,n.a.,n.a.
2022-Dec-20,13:00,*m,17,52,34.68,-23,25,38,128.252474,6.000278,-26.777,-10.589,0.983882125,-0.3947849,0,/?,0,2.5305326,90.83583,-0.757294,n.a.,n.a.
2022-Dec-21,13:00,*m,17,57,1.08,-23,26,11.3,128.169517,5.921093,-26.778,-10.589,0.983814536,-0.3888142,0,/?,0,2.531,90.391844,-0.745844,n.a.,n.a.
2022-Dec-22,13:00,*m,18,1,27.54,-23,26,16.3,128.081358,5.847649,-26.778,-10.589,0.983750504,-0.38317,0,/?,0,2.5313968,89.947506,-0.735036,n.a.,n.a.
2022-Dec-23,13:00,*m,18,5,54.03,-23,25,53.1,127.988096,5.780031,-26.778,-10.589,0.983689889,-0.377702,0,/?,0,2.5317138,89.503037,-0.724584,n.a.,n.a.
2022-Dec-24,13:00,*,18,10,20.51,-23,25,1.5,127.889833,5.718323,-26.778,-10.589,0.983632653,-0.3722203,0,/?,0,2.5319468,89.058675,-0.714129,n.a.,n.a.
2022-Dec-25,13:00,*,18,14,46.93,-23,23,41.7,127.786675,5.662609,-26.778,-10.589,0.98357887,-0.3665253,0,/?,0,2.5320978,88.614668,-0.703288,n.a.,n.a.
2022-Dec-26,13:00,*,18,19,13.27,-23,21,53.6,127.678725,5.612968,-26.778,-10.589,0.983528723,-0.3604423,0,/?,0,2.5321746,88.171269,-0.691727,n.a.,n.a.
2022-Dec-27,13:00,*,18,23,39.48,-23,19,37.3,127.566084,5.569472,-26.778,-10.589,0.983482483,-0.3538471,0,/?,0,2.532189,87.728721,-0.679204,n.a.,n.a.
2022-Dec-28,13:00,*,18,28,5.52,-23,16,52.9,127.448853,5.532187,-26.778,-10.589,0.983440475,-0.3466751,0,/?,0,2.5321549,87.287255,-0.665592,n.a.,n.a.
2022-Dec-29,13:00,*,18,32,31.36,-23,13,40.5,127.32713,5.50117,-26.778,-10.589,0.983403045,-0.3389153,0,/?,0,2.5320854,86.84709,-0.650866,n.a.,n.a.
2022-Dec-30,13:00,*,18,36,56.96,-23,10,0.2,127.201013,5.476467,-26.779,-10.589,0.983370533,-0.3305963,0,/?,0,2.5319922,86.408426,-0.635076,n.a.,n.a.
2022-Dec-31,13:00,*,18,41,22.3,-23,5,52,127.070598,5.45812,-26.779,-10.589,0.983343254,-0.321771,0,/?,0,2.5318847,85.971456,-0.61832,n.a.,n.a.
2023-Jan-01,13:00,*,18,45,47.34,-23,1,16.2,126.935979,5.446163,-26.779,-10.589,0.983321489,-0.3125053,0,/?,0,2.5317703,85.536362,-0.600722,n.a.,n.a.